date,symbol,close,change,change_rate,open,high,low,volume,trade_value
2015-01-12,KAU15,8640,780,9.92,7860,8640,7860,1190,9740400
2015-01-13,KAU15,9500,860,9.95,9500,9500,9500,50,475000
2015-01-14,KAU15,9510,10,0.11,9510,9510,9510,100,951000
2015-01-15,KAU15,9580,70,0.74,0,0,0,0,0
2015-01-16,KAU15,9610,30,0.31,9610,9610,9610,40,384400
2015-01-19,KAU15,9860,250,2.6,0,0,0,0,0
2015-01-20,KAU15,9890,30,0.3,0,0,0,0,0
2015-01-21,KAU15,9910,20,0.2,0,0,0,0,0
2015-01-22,KAU15,9920,10,0.1,0,0,0,0,0
2015-01-23,KAU15,9920,0,0,0,0,0,0,0
2015-01-26,KAU15,9930,10,0.1,0,0,0,0,0
2015-01-27,KAU15,9930,0,0,0,0,0,0,0
2015-01-28,KAU15,9930,0,0,0,0,0,0,0
2015-01-29,KAU15,9960,30,0.3,0,0,0,0,0
2015-01-30,KAU15,9960,0,0,0,0,0,0,0
2015-02-02,KAU15,9960,0,0,0,0,0,0,0
2015-02-03,KAU15,9960,0,0,0,0,0,0,0
2015-02-04,KAU15,9960,0,0,0,0,0,0,0
2015-02-05,KAU15,9960,0,0,0,0,0,0,0
2015-02-06,KAU15,9970,10,0.1,0,0,0,0,0
2015-02-09,KAU15,9970,0,0,0,0,0,0,0
2015-02-10,KAU15,10000,30,0.3,0,0,0,0,0
2015-02-11,KAU15,10000,0,0,0,0,0,0,0
2015-02-12,KAU15,10000,0,0,0,0,0,0,0
2015-02-13,KAU15,10000,0,0,0,0,0,0,0
2015-02-16,KAU15,10000,0,0,0,0,0,0,0
2015-02-17,KAU15,10000,0,0,0,0,0,0,0
2015-02-23,KAU15,10100,100,1,0,0,0,0,0
2015-02-24,KAU15,10100,0,0,0,0,0,0,0
2015-02-25,KAU15,10100,0,0,0,0,0,0,0
2015-02-26,KAU15,10100,0,0,0,0,0,0,0
2015-02-27,KAU15,10100,0,0,0,0,0,0,0
2015-03-02,KAU15,10100,0,0,0,0,0,0,0
2015-03-03,KAU15,10100,0,0,0,0,0,0,0
2015-03-04,KAU15,10100,0,0,0,0,0,0,0
2015-03-05,KAU15,10100,0,0,0,0,0,0,0
2015-03-06,KAU15,10100,0,0,0,0,0,0,0
2015-03-09,KAU15,10100,0,0,0,0,0,0,0
2015-03-10,KAU15,10100,0,0,0,0,0,0,0
2015-03-11,KAU15,10100,0,0,0,0,0,0,0
2015-03-12,KAU15,10100,0,0,0,0,0,0,0
2015-03-13,KAU15,10100,0,0,0,0,0,0,0
2015-03-16,KAU15,10100,0,0,0,0,0,0,0
2015-03-17,KAU15,10100,0,0,0,0,0,0,0
2015-03-18,KAU15,10100,0,0,0,0,0,0,0
2015-03-19,KAU15,10100,0,0,0,0,0,0,0
2015-03-20,KAU15,10100,0,0,0,0,0,0,0
2015-03-23,KAU15,10100,0,0,0,0,0,0,0
2015-03-24,KAU15,10100,0,0,0,0,0,0,0
2015-03-25,KAU15,10100,0,0,0,0,0,0,0
2015-03-26,KAU15,10100,0,0,0,0,0,0,0
2015-03-27,KAU15,10100,0,0,0,0,0,0,0
2015-03-30,KAU15,10100,0,0,0,0,0,0,0
2015-03-31,KAU15,10100,0,0,0,0,0,0,0
2015-04-01,KAU15,10100,0,0,0,0,0,0,0
2015-04-02,KAU15,10100,0,0,0,0,0,0,0
2015-04-03,KAU15,10100,0,0,0,0,0,0,0
2015-04-06,KAU15,10100,0,0,0,0,0,0,0
2015-04-07,KAU15,10100,0,0,0,0,0,0,0
2015-04-08,KAU15,10100,0,0,0,0,0,0,0
2015-04-09,KAU15,10100,0,0,0,0,0,0,0
2015-04-10,KAU15,10100,0,0,0,0,0,0,0
2015-04-13,KAU15,10100,0,0,0,0,0,0,0
2015-04-14,KAU15,10100,0,0,0,0,0,0,0
2015-04-15,KAU15,10100,0,0,0,0,0,0,0
2015-04-16,KAU15,10100,0,0,0,0,0,0,0
2015-04-17,KAU15,10100,0,0,0,0,0,0,0
2015-04-20,KAU15,10250,150,1.49,0,0,0,0,0
2015-04-21,KAU15,10250,0,0,0,0,0,0,0
2015-04-22,KAU15,10250,0,0,0,0,0,0,0
2015-04-23,KAU15,10300,50,0.49,0,0,0,0,0
2015-04-24,KAU15,10300,0,0,0,0,0,0,0
2015-04-27,KAU15,10300,0,0,0,0,0,0,0
2015-04-28,KAU15,10300,0,0,0,0,0,0,0
2015-04-29,KAU15,10300,0,0,0,0,0,0,0
2015-04-30,KAU15,10300,0,0,0,0,0,0,0
2015-05-04,KAU15,10300,0,0,0,0,0,0,0
2015-05-06,KAU15,10300,0,0,0,0,0,0,0
2015-05-07,KAU15,10300,0,0,0,0,0,0,0
2015-05-08,KAU15,10300,0,0,0,0,0,0,0
2015-05-11,KAU15,10300,0,0,0,0,0,0,0
2015-05-12,KAU15,10300,0,0,0,0,0,0,0
2015-05-13,KAU15,10300,0,0,0,0,0,0,0
2015-05-14,KAU15,10300,0,0,0,0,0,0,0
2015-05-15,KAU15,10300,0,0,0,0,0,0,0
2015-05-18,KAU15,10300,0,0,0,0,0,0,0
2015-05-19,KAU15,10300,0,0,0,0,0,0,0
2015-05-20,KAU15,10300,0,0,0,0,0,0,0
2015-05-21,KAU15,10300,0,0,0,0,0,0,0
2015-05-22,KAU15,10300,0,0,0,0,0,0,0
2015-05-26,KAU15,10300,0,0,0,0,0,0,0
2015-05-27,KAU15,10300,0,0,0,0,0,0,0
2015-05-28,KAU15,10300,0,0,0,0,0,0,0
2015-05-29,KAU15,10300,0,0,0,0,0,0,0
2015-06-01,KAU15,10300,0,0,0,0,0,0,0
2015-06-02,KAU15,10300,0,0,0,0,0,0,0
2015-06-03,KAU15,10300,0,0,0,0,0,0,0
2015-06-04,KAU15,10300,0,0,0,0,0,0,0
2015-06-05,KAU15,10300,0,0,0,0,0,0,0
2015-06-08,KAU15,10300,0,0,0,0,0,0,0
2015-06-09,KAU15,10300,0,0,0,0,0,0,0
2015-06-10,KAU15,10300,0,0,0,0,0,0,0
2015-06-11,KAU15,10300,0,0,0,0,0,0,0
2015-06-12,KAU15,10300,0,0,0,0,0,0,0
2015-06-15,KAU15,10300,0,0,0,0,0,0,0
2015-06-16,KAU15,10300,0,0,0,0,0,0,0
2015-06-17,KAU15,10300,0,0,0,0,0,0,0
2015-06-18,KAU15,10300,0,0,0,0,0,0,0
2015-06-19,KAU15,10300,0,0,0,0,0,0,0
2015-06-22,KAU15,10300,0,0,0,0,0,0,0
2015-06-23,KAU15,10300,0,0,0,0,0,0,0
2015-06-24,KAU15,10300,0,0,0,0,0,0,0
2015-06-25,KAU15,10300,0,0,0,0,0,0,0
2015-06-26,KAU15,10300,0,0,0,0,0,0,0
2015-06-29,KAU15,10300,0,0,0,0,0,0,0
2015-06-30,KAU15,10300,0,0,0,0,0,0,0
2015-07-01,KAU15,10300,0,0,0,0,0,0,0
2015-07-02,KAU15,10300,0,0,0,0,0,0,0
2015-07-03,KAU15,10300,0,0,0,0,0,0,0
2015-07-06,KAU15,10300,0,0,0,0,0,0,0
2015-07-07,KAU15,10300,0,0,0,0,0,0,0
2015-07-08,KAU15,10300,0,0,0,0,0,0,0
2015-07-09,KAU15,10300,0,0,0,0,0,0,0
2015-07-10,KAU15,10300,0,0,0,0,0,0,0
2015-07-13,KAU15,10300,0,0,0,0,0,0,0
2015-07-14,KAU15,10300,0,0,0,0,0,0,0
2015-07-15,KAU15,10300,0,0,0,0,0,0,0
2015-07-16,KAU15,10300,0,0,0,0,0,0,0
2015-07-17,KAU15,10300,0,0,0,0,0,0,0
2015-07-20,KAU15,10300,0,0,0,0,0,0,0
2015-07-21,KAU15,10300,0,0,0,0,0,0,0
2015-07-22,KAU15,10300,0,0,0,0,0,0,0
2015-07-23,KAU15,10300,0,0,0,0,0,0,0
2015-07-24,KAU15,10300,0,0,0,0,0,0,0
2015-07-27,KAU15,10300,0,0,0,0,0,0,0
2015-07-28,KAU15,10300,0,0,0,0,0,0,0
2015-07-29,KAU15,10300,0,0,0,0,0,0,0
2015-07-30,KAU15,10300,0,0,0,0,0,0,0
2015-07-31,KAU15,10300,0,0,0,0,0,0,0
2015-08-03,KAU15,10300,0,0,0,0,0,0,0
2015-08-04,KAU15,10300,0,0,0,0,0,0,0
2015-08-05,KAU15,10300,0,0,0,0,0,0,0
2015-08-06,KAU15,10300,0,0,0,0,0,0,0
2015-08-07,KAU15,10300,0,0,0,0,0,0,0
2015-08-10,KAU15,10300,0,0,0,0,0,0,0
2015-08-11,KAU15,10300,0,0,0,0,0,0,0
2015-08-12,KAU15,10300,0,0,0,0,0,0,0
2015-08-13,KAU15,10300,0,0,0,0,0,0,0
2015-08-17,KAU15,10300,0,0,0,0,0,0,0
2015-08-18,KAU15,10300,0,0,0,0,0,0,0
2015-08-19,KAU15,10300,0,0,0,0,0,0,0
2015-08-20,KAU15,10300,0,0,0,0,0,0,0
2015-08-21,KAU15,10300,0,0,0,0,0,0,0
2015-08-24,KAU15,10300,0,0,0,0,0,0,0
2015-08-25,KAU15,10300,0,0,0,0,0,0,0
2015-08-26,KAU15,10300,0,0,0,0,0,0,0
2015-08-27,KAU15,10300,0,0,0,0,0,0,0
2015-08-28,KAU15,10300,0,0,0,0,0,0,0
2015-08-31,KAU15,10300,0,0,0,0,0,0,0
2015-09-01,KAU15,10300,0,0,0,0,0,0,0
2015-09-02,KAU15,10300,0,0,0,0,0,0,0
2015-09-03,KAU15,10300,0,0,0,0,0,0,0
2015-09-04,KAU15,10300,0,0,0,0,0,0,0
2015-09-07,KAU15,10300,0,0,0,0,0,0,0
2015-09-08,KAU15,10300,0,0,0,0,0,0,0
2015-09-09,KAU15,10300,0,0,0,0,0,0,0
2015-09-10,KAU15,10300,0,0,0,0,0,0,0
2015-09-11,KAU15,10300,0,0,0,0,0,0,0
2015-09-14,KAU15,10300,0,0,0,0,0,0,0
2015-09-15,KAU15,10300,0,0,0,0,0,0,0
2015-09-16,KAU15,10300,0,0,0,0,0,0,0
2015-09-17,KAU15,10300,0,0,0,0,0,0,0
2015-09-18,KAU15,10300,0,0,0,0,0,0,0
2015-09-21,KAU15,10300,0,0,0,0,0,0,0
2015-09-22,KAU15,10300,0,0,0,0,0,0,0
2015-09-23,KAU15,10300,0,0,0,0,0,0,0
2015-09-24,KAU15,10300,0,0,0,0,0,0,0
2015-09-25,KAU15,10300,0,0,0,0,0,0,0
2015-09-30,KAU15,10300,0,0,0,0,0,0,0
2015-10-01,KAU15,10300,0,0,0,0,0,0,0
2015-10-02,KAU15,10300,0,0,0,0,0,0,0
2015-10-05,KAU15,10300,0,0,0,0,0,0,0
2015-10-06,KAU15,10300,0,0,0,0,0,0,0
2015-10-07,KAU15,11300,1000,9.71,11300,11300,11300,12000,135600000
2015-10-08,KAU15,11300,0,0,0,0,0,168000,2024400000
2015-10-12,KAU15,11300,0,0,0,0,0,0,0
2015-10-13,KAU15,11300,0,0,0,0,0,0,0
2015-10-14,KAU15,11300,0,0,0,0,0,0,0
2015-10-15,KAU15,11300,0,0,0,0,0,0,0
2015-10-16,KAU15,11300,0,0,0,0,0,0,0
2015-10-19,KAU15,11300,0,0,0,0,0,0,0
2015-10-20,KAU15,11300,0,0,0,0,0,0,0
2015-10-21,KAU15,11300,0,0,0,0,0,0,0
2015-10-22,KAU15,11300,0,0,0,0,0,0,0
2015-10-23,KAU15,11300,0,0,0,0,0,0,0
2015-10-26,KAU15,11300,0,0,0,0,0,0,0
2015-10-27,KAU15,11300,0,0,0,0,0,0,0
2015-10-28,KAU15,11300,0,0,0,0,0,0,0
2015-10-29,KAU15,11300,0,0,0,0,0,0,0
2015-10-30,KAU15,11300,0,0,0,0,0,0,0
2015-11-02,KAU15,11300,0,0,0,0,0,0,0
2015-11-03,KAU15,11300,0,0,0,0,0,0,0
2015-11-04,KAU15,11300,0,0,0,0,0,0,0
2015-11-05,KAU15,11300,0,0,0,0,0,0,0
2015-11-06,KAU15,11300,0,0,0,0,0,0,0
2015-11-09,KAU15,11500,200,1.77,0,0,0,0,0
2015-11-10,KAU15,11500,0,0,0,0,0,0,0
2015-11-11,KAU15,11500,0,0,0,0,0,0,0
2015-11-12,KAU15,11500,0,0,0,0,0,0,0
2015-11-13,KAU15,11500,0,0,0,0,0,0,0
2015-11-16,KAU15,11500,0,0,0,0,0,0,0
2015-11-17,KAU15,11500,0,0,0,0,0,0,0
2015-11-18,KAU15,11500,0,0,0,0,0,0,0
2015-11-19,KAU15,11500,0,0,0,0,0,0,0
2015-11-20,KAU15,11500,0,0,0,0,0,0,0
2015-11-23,KAU15,11500,0,0,0,0,0,0,0
2015-11-24,KAU15,11500,0,0,0,0,0,0,0
2015-11-25,KAU15,11500,0,0,0,0,0,0,0
2015-11-26,KAU15,11500,0,0,0,0,0,0,0
2015-11-27,KAU15,11500,0,0,0,0,0,0,0
2015-11-30,KAU15,11500,0,0,0,0,0,0,0
2015-12-01,KAU15,11500,0,0,0,0,0,0,0
2015-12-02,KAU15,11500,0,0,0,0,0,0,0
2015-12-03,KAU15,11500,0,0,0,0,0,0,0
2015-12-04,KAU15,11500,0,0,0,0,0,0,0
2015-12-07,KAU15,11600,100,0.87,0,0,0,0,0
2015-12-08,KAU15,11600,0,0,0,0,0,0,0
2015-12-09,KAU15,11600,0,0,0,0,0,100000,1210000000
2015-12-10,KAU15,11600,0,0,0,0,0,40000,484000000
2015-12-11,KAU15,11600,0,0,0,0,0,0,0
2015-12-14,KAU15,11600,0,0,0,0,0,0,0
2015-12-15,KAU15,11600,0,0,0,0,0,0,0
2015-12-16,KAU15,11600,0,0,0,0,0,0,0
2015-12-17,KAU15,11600,0,0,0,0,0,0,0
2015-12-18,KAU15,11600,0,0,0,0,0,0,0
2015-12-21,KAU15,11700,100,0.86,0,0,0,0,0
2015-12-22,KAU15,11700,0,0,0,0,0,0,0
2015-12-23,KAU15,12000,300,2.56,0,0,0,0,0
2015-12-24,KAU15,12000,0,0,0,0,0,0,0
2015-12-28,KAU15,12000,0,0,0,0,0,0,0
2015-12-29,KAU15,12000,0,0,0,0,0,0,0
2015-12-30,KAU15,12000,0,0,0,0,0,0,0
2016-01-04,KAU15,12000,0,0,0,0,0,0,0
2016-01-05,KAU15,12000,0,0,0,0,0,0,0
2016-01-06,KAU15,12000,0,0,0,0,0,0,0
2016-01-07,KAU15,12000,0,0,0,0,0,0,0
2016-01-08,KAU15,12000,0,0,0,0,0,0,0
2016-01-11,KAU15,12000,0,0,0,0,0,0,0
2016-01-12,KAU15,12000,0,0,0,0,0,0,0
2016-01-13,KAU15,12000,0,0,0,0,0,0,0
2016-01-14,KAU15,12000,0,0,0,0,0,0,0
2016-01-15,KAU15,12600,600,5,12600,12600,12600,100,1260000
2016-01-18,KAU15,12600,0,0,0,0,0,0,0
2016-01-19,KAU15,12600,0,0,0,0,0,0,0
2016-01-20,KAU15,12600,0,0,0,0,0,0,0
2016-01-21,KAU15,12600,0,0,0,0,0,0,0
2016-01-22,KAU15,12600,0,0,0,0,0,0,0
2016-01-25,KAU15,12700,100,0.79,0,0,0,0,0
2016-01-26,KAU15,12700,0,0,0,0,0,0,0
2016-01-27,KAU15,12700,0,0,0,0,0,0,0
2016-01-28,KAU15,12700,0,0,0,0,0,0,0
2016-01-29,KAU15,12700,0,0,0,0,0,0,0
2016-02-01,KAU15,12700,0,0,0,0,0,0,0
2016-02-02,KAU15,12700,0,0,0,0,0,0,0
2016-02-03,KAU15,12700,0,0,0,0,0,0,0
2016-02-04,KAU15,12700,0,0,0,0,0,0,0
2016-02-05,KAU15,12800,100,0.79,0,0,0,0,0
2016-02-11,KAU15,12800,0,0,0,0,0,0,0
2016-02-12,KAU15,12800,0,0,0,0,0,0,0
2016-02-15,KAU15,12800,0,0,0,0,0,0,0
2016-02-16,KAU15,12800,0,0,0,0,0,0,0
2016-02-17,KAU15,12800,0,0,0,0,0,0,0
2016-02-18,KAU15,12800,0,0,0,0,0,0,0
2016-02-19,KAU15,13100,300,2.34,0,0,0,0,0
2016-02-22,KAU15,14400,1300,9.92,14400,14400,14400,500,7200000
2016-02-23,KAU15,15800,1400,9.72,15800,15800,15800,500,7900000
2016-02-24,KAU15,16000,200,1.27,0,0,0,0,0
2016-02-25,KAU15,16000,0,0,0,0,0,0,0
2016-02-26,KAU15,16000,0,0,0,0,0,0,0
2016-02-29,KAU15,16000,0,0,0,0,0,0,0
2016-03-02,KAU15,16000,0,0,0,0,0,0,0
2016-03-03,KAU15,16000,0,0,0,0,0,0,0
2016-03-04,KAU15,16000,0,0,0,0,0,0,0
2016-03-07,KAU15,16800,800,5,0,0,0,0,0
2016-03-08,KAU15,16800,0,0,0,0,0,0,0
2016-03-09,KAU15,16800,0,0,0,0,0,0,0
2016-03-10,KAU15,16800,0,0,0,0,0,0,0
2016-03-11,KAU15,16800,0,0,0,0,0,0,0
2016-03-14,KAU15,16800,0,0,0,0,0,0,0
2016-03-15,KAU15,18450,1650,9.82,18450,18450,18450,7000,122975000
2016-03-16,KAU15,18450,0,0,0,0,0,0,0
2016-03-17,KAU15,18450,0,0,0,0,0,0,0
2016-03-18,KAU15,18450,0,0,0,0,0,15500,267375000
2016-03-21,KAU15,18450,0,0,0,0,0,0,0
2016-03-22,KAU15,18450,0,0,0,0,0,0,0
2016-03-23,KAU15,18450,0,0,0,0,0,0,0
2016-03-24,KAU15,18450,0,0,0,0,0,0,0
2016-03-25,KAU15,18450,0,0,0,0,0,0,0
2016-03-28,KAU15,18450,0,0,0,0,0,0,0
2016-03-29,KAU15,18450,0,0,0,0,0,0,0
2016-03-30,KAU15,18450,0,0,0,0,0,0,0
2016-03-31,KAU15,18450,0,0,0,0,0,0,0
2016-04-01,KAU15,18450,0,0,0,0,0,0,0
2016-04-04,KAU15,18450,0,0,0,0,0,0,0
2016-04-05,KAU15,18450,0,0,0,0,0,0,0
2016-04-06,KAU15,18450,0,0,0,0,0,0,0
2016-04-07,KAU15,18450,0,0,0,0,0,0,0
2016-04-08,KAU15,18450,0,0,0,0,0,0,0
2016-04-11,KAU15,18450,0,0,0,0,0,10000,185000000
2016-04-12,KAU15,18450,0,0,0,0,0,0,0
2016-04-14,KAU15,18450,0,0,0,0,0,0,0
2016-04-15,KAU15,18450,0,0,18450,18450,18450,25500,470475000
2016-04-18,KAU15,18450,0,0,18450,18450,18450,52300,964935000
2016-04-19,KAU15,18450,0,0,0,0,0,0,0
2016-04-20,KAU15,18450,0,0,0,0,0,0,0
2016-04-21,KAU15,18450,0,0,0,0,0,0,0
2016-04-22,KAU15,18450,0,0,0,0,0,0,0
2016-04-25,KAU15,18450,0,0,0,0,0,0,0
2016-04-26,KAU15,18450,0,0,0,0,0,0,0
2016-04-27,KAU15,18450,0,0,0,0,0,0,0
2016-04-28,KAU15,19000,550,2.98,0,0,0,0,0
2016-04-29,KAU15,19000,0,0,0,0,0,0,0
2016-05-02,KAU15,19100,100,0.53,0,0,0,0,0
2016-05-03,KAU15,19200,100,0.52,0,0,0,0,0
2016-05-04,KAU15,19200,0,0,0,0,0,0,0
2016-05-09,KAU15,19200,0,0,0,0,0,0,0
2016-05-10,KAU15,19200,0,0,0,0,0,0,0
2016-05-11,KAU15,19300,100,0.52,0,0,0,0,0
2016-05-12,KAU15,19300,0,0,0,0,0,0,0
2016-05-13,KAU15,19300,0,0,0,0,0,0,0
2016-05-16,KAU15,19300,0,0,0,0,0,0,0
2016-05-17,KAU15,19300,0,0,0,0,0,0,0
2016-05-18,KAU15,19400,100,0.52,0,0,0,0,0
2016-05-19,KAU15,21000,1600,8.25,21000,21000,21000,2000,42000000
2016-05-20,KAU15,21000,0,0,21000,21000,21000,600,12600000
2016-05-23,KAU15,21000,0,0,21000,21000,21000,5000,105000000
2016-05-24,KAU15,21000,0,0,0,0,0,0,0
2016-05-25,KAU15,21000,0,0,0,0,0,0,0
2016-05-26,KAU15,21000,0,0,0,0,0,0,0
2016-05-27,KAU15,18950,-2050,-9.76,19500,19500,18950,15838,300747000
2016-05-30,KAU15,18500,-450,-2.37,19000,19000,18500,15000,282500000
2016-05-31,KAU15,18500,0,0,0,0,0,0,0
2016-06-01,KAU15,18500,0,0,0,0,0,137155,2221911000
2016-06-02,KAU15,18400,-100,-0.54,18800,18800,18400,121382,1995253800
2016-06-03,KAU15,18400,0,0,18250,18700,18200,65221,1138772700
2016-06-07,KAU15,17900,-500,-2.72,18400,18400,17900,318663,5742199200
2016-06-08,KAU15,17600,-300,-1.68,17900,17900,17500,81586,1449318500
2016-06-09,KAU15,16700,-900,-5.11,17400,17400,16700,258741,4454727600
2016-06-10,KAU15,16600,-100,-0.6,16700,16800,16600,131000,2187242700
2016-06-13,KAU15,16600,0,0,16600,16600,16600,6193,102803800
2016-06-14,KAU15,17000,400,2.41,0,0,0,0,0
2016-06-15,KAU15,17000,0,0,0,0,0,0,0
2016-06-16,KAU15,17000,0,0,17000,17000,17000,5367,91239000
2016-06-17,KAU15,17050,50,0.29,0,0,0,0,0
2016-06-20,KAU15,17000,-50,-0.29,18000,18000,17000,7976,138568000
2016-06-21,KAU15,17000,0,0,0,0,0,4650,79050000
2016-06-22,KAU15,16800,-200,-1.18,0,0,0,0,0
2016-06-23,KAU15,17000,200,1.19,17000,17000,17000,11072,188224000
2016-06-24,KAU15,17000,0,0,0,0,0,0,0
2016-06-27,KAU15,17000,0,0,0,0,0,0,0
2016-06-28,KAU15,17000,0,0,0,0,0,0,0
2016-06-29,KAU15,17000,0,0,0,0,0,0,0
2016-06-30,KAU15,17000,0,0,0,0,0,0,0
2016-07-01,KAU16,17000,0,0,0,0,0,0,0
2016-07-04,KAU16,17000,0,0,0,0,0,80000,1264000000
2016-07-05,KAU16,17000,0,0,0,0,0,0,0
2016-07-06,KAU16,17000,0,0,0,0,0,0,0
2016-07-07,KAU16,17000,0,0,0,0,0,0,0
2016-07-08,KAU16,17000,0,0,0,0,0,66000,1072500000
2016-07-11,KAU16,17000,0,0,0,0,0,0,0
2016-07-12,KAU16,17000,0,0,0,0,0,0,0
2016-07-13,KAU16,17000,0,0,0,0,0,0,0
2016-07-14,KAU16,17000,0,0,0,0,0,0,0
2016-07-15,KAU16,17000,0,0,0,0,0,0,0
2016-07-18,KAU16,17000,0,0,0,0,0,0,0
2016-07-19,KAU16,17000,0,0,0,0,0,0,0
2016-07-20,KAU16,17000,0,0,0,0,0,0,0
2016-07-21,KAU16,17000,0,0,0,0,0,0,0
2016-07-22,KAU16,17000,0,0,17000,17000,17000,50000,850000000
2016-07-25,KAU16,17000,0,0,0,0,0,0,0
2016-07-26,KAU16,17000,0,0,0,0,0,0,0
2016-07-27,KAU16,17000,0,0,0,0,0,0,0
2016-07-28,KAU16,17000,0,0,0,0,0,0,0
2016-07-29,KAU16,17000,0,0,0,0,0,0,0
2016-08-01,KAU16,17000,0,0,0,0,0,0,0
2016-08-02,KAU16,17000,0,0,0,0,0,0,0
2016-08-03,KAU16,17000,0,0,0,0,0,0,0
2016-08-04,KAU16,17000,0,0,17000,17000,17000,15000,255000000
2016-08-05,KAU16,17000,0,0,0,0,0,0,0
2016-08-08,KAU16,17000,0,0,17000,17000,17000,670,11390000
2016-08-09,KAU16,17000,0,0,0,0,0,0,0
2016-08-10,KAU16,17000,0,0,0,0,0,0,0
2016-08-11,KAU16,16500,-500,-2.94,16700,16700,16500,15000,248500000
2016-08-12,KAU16,16500,0,0,0,0,0,0,0
2016-08-16,KAU16,16500,0,0,0,0,0,0,0
2016-08-17,KAU16,16500,0,0,0,0,0,0,0
2016-08-18,KAU16,16500,0,0,0,0,0,0,0
2016-08-19,KAU16,16500,0,0,0,0,0,0,0
2016-08-22,KAU16,17000,500,3.03,17000,17000,17000,10000,170000000
2016-08-23,KAU16,17000,0,0,17000,17000,17000,30000,510000000
2016-08-24,KAU16,17000,0,0,0,0,0,120000,2040000000
2016-08-25,KAU16,17000,0,0,17000,17000,17000,10000,170000000
2016-08-26,KAU16,17000,0,0,17000,17000,17000,30000,510000000
2016-08-29,KAU16,17000,0,0,17000,17000,17000,50000,850000000
2016-08-30,KAU16,17000,0,0,17000,17000,17000,99660,1694220000
2016-08-31,KAU16,17000,0,0,0,0,0,61894,1052198000
2016-09-01,KAU16,17000,0,0,0,0,0,0,0
2016-09-02,KAU16,17000,0,0,0,0,0,0,0
2016-09-05,KAU16,17000,0,0,0,0,0,0,0
2016-09-06,KAU16,17000,0,0,0,0,0,0,0
2016-09-07,KAU16,17000,0,0,0,0,0,0,0
2016-09-08,KAU16,17000,0,0,0,0,0,45000,765000000
2016-09-09,KAU16,17000,0,0,0,0,0,45000,765000000
2016-09-12,KAU16,17000,0,0,0,0,0,0,0
2016-09-13,KAU16,17000,0,0,0,0,0,0,0
2016-09-19,KAU16,17000,0,0,0,0,0,0,0
2016-09-20,KAU16,17000,0,0,0,0,0,0,0
2016-09-21,KAU16,17500,500,2.94,17500,17500,17500,25000,437500000
2016-09-22,KAU16,17500,0,0,0,0,0,0,0
2016-09-23,KAU16,17500,0,0,17500,17500,17500,20000,350000000
2016-09-26,KAU16,17500,0,0,17500,17500,17500,40000,700000000
2016-09-27,KAU16,17500,0,0,0,0,0,0,0
2016-09-28,KAU16,17500,0,0,17500,17500,17500,15000,262500000
2016-09-29,KAU16,17500,0,0,0,0,0,0,0
2016-09-30,KAU16,18000,500,2.86,18000,18000,18000,30000,540000000
2016-10-04,KAU16,18000,0,0,0,0,0,0,0
2016-10-05,KAU16,18000,0,0,0,0,0,0,0
2016-10-06,KAU16,18000,0,0,0,0,0,0,0
2016-10-07,KAU16,18000,0,0,0,0,0,0,0
2016-10-10,KAU16,18000,0,0,0,0,0,0,0
2016-10-11,KAU16,18000,0,0,0,0,0,0,0
2016-10-12,KAU16,18000,0,0,0,0,0,0,0
2016-10-13,KAU16,18000,0,0,18000,18000,18000,8000,144000000
2016-10-14,KAU16,18000,0,0,0,0,0,0,0
2016-10-17,KAU16,18000,0,0,0,0,0,0,0
2016-10-18,KAU16,18000,0,0,0,0,0,0,0
2016-10-19,KAU16,18000,0,0,0,0,0,0,0
2016-10-20,KAU16,18000,0,0,0,0,0,0,0
2016-10-21,KAU16,18000,0,0,0,0,0,0,0
2016-10-24,KAU16,18000,0,0,0,0,0,0,0
2016-10-25,KAU16,18500,500,2.78,18500,18500,18500,1000,18500000
2016-10-26,KAU16,18500,0,0,0,0,0,0,0
2016-10-27,KAU16,18500,0,0,0,0,0,0,0
2016-10-28,KAU16,18500,0,0,0,0,0,0,0
2016-10-31,KAU16,18500,0,0,18500,18500,18500,10100,186850000
2016-11-01,KAU16,18500,0,0,18500,18500,18500,6900,127650000
2016-11-02,KAU16,18500,0,0,0,0,0,0,0
2016-11-03,KAU16,18500,0,0,0,0,0,0,0
2016-11-04,KAU16,18500,0,0,0,0,0,0,0
2016-11-07,KAU16,18500,0,0,0,0,0,0,0
2016-11-08,KAU16,18500,0,0,0,0,0,0,0
2016-11-09,KAU16,18500,0,0,0,0,0,0,0
2016-11-10,KAU16,18500,0,0,0,0,0,0,0
2016-11-11,KAU16,18500,0,0,0,0,0,0,0
2016-11-14,KAU16,18500,0,0,0,0,0,0,0
2016-11-15,KAU16,18500,0,0,0,0,0,0,0
2016-11-16,KAU16,18500,0,0,0,0,0,0,0
2016-11-17,KAU16,18500,0,0,0,0,0,0,0
2016-11-18,KAU16,18500,0,0,18500,18500,18500,162000,2922000000
2016-11-21,KAU16,18500,0,0,0,0,0,0,0
2016-11-22,KAU16,18500,0,0,0,0,0,0,0
2016-11-23,KAU16,18500,0,0,0,0,0,0,0
2016-11-24,KAU16,18500,0,0,0,0,0,0,0
2016-11-25,KAU16,18500,0,0,0,0,0,0,0
2016-11-28,KAU16,18500,0,0,0,0,0,0,0
2016-11-29,KAU16,18600,100,0.54,0,0,0,0,0
2016-11-30,KAU16,18600,0,0,0,0,0,0,0
2016-12-01,KAU16,18600,0,0,0,0,0,0,0
2016-12-02,KAU16,18600,0,0,0,0,0,0,0
2016-12-05,KAU16,19000,400,2.15,19000,19000,19000,11000,209000000
2016-12-06,KAU16,19100,100,0.53,19100,19100,19100,14000,267400000
2016-12-07,KAU16,19100,0,0,0,0,0,0,0
2016-12-08,KAU16,19100,0,0,0,0,0,0,0
2016-12-09,KAU16,19100,0,0,0,0,0,100000,1780000000
2016-12-12,KAU16,19100,0,0,19100,19100,19000,49000,935400000
2016-12-13,KAU16,19100,0,0,19100,19100,19100,9000,171900000
2016-12-14,KAU16,19100,0,0,0,0,0,0,0
2016-12-15,KAU16,19100,0,0,0,0,0,0,0
2016-12-16,KAU16,19100,0,0,0,0,0,0,0
2016-12-19,KAU16,19100,0,0,0,0,0,0,0
2016-12-20,KAU16,19200,100,0.52,0,0,0,0,0
2016-12-21,KAU16,19200,0,0,0,0,0,0,0
2016-12-22,KAU16,19200,0,0,0,0,0,0,0
2016-12-23,KAU16,19300,100,0.52,19300,19300,19300,30000,579000000
2016-12-26,KAU16,19300,0,0,0,0,0,0,0
2016-12-27,KAU16,19300,0,0,0,0,0,0,0
2016-12-28,KAU16,19300,0,0,19500,19500,19300,4000,77240000
2016-12-29,KAU16,19300,0,0,0,0,0,0,0
2017-01-02,KAU16,19300,0,0,0,0,0,0,0
2017-01-03,KAU16,19500,200,1.04,19500,19500,19500,10000,195000000
2017-01-04,KAU16,19500,0,0,0,0,0,0,0
2017-01-05,KAU16,19500,0,0,0,0,0,0,0
2017-01-06,KAU16,19500,0,0,0,0,0,0,0
2017-01-09,KAU16,19500,0,0,0,0,0,0,0
2017-01-10,KAU16,19500,0,0,19500,19500,19500,8500,165750000
2017-01-11,KAU16,19600,100,0.51,0,0,0,0,0
2017-01-12,KAU16,19600,0,0,0,0,0,0,0
2017-01-13,KAU16,19600,0,0,0,0,0,0,0
2017-01-16,KAU16,19600,0,0,0,0,0,0,0
2017-01-17,KAU16,20500,900,4.59,20500,20500,20500,2850,58425000
2017-01-18,KAU16,20850,350,1.71,20500,20850,20500,150000,3091500000
2017-01-19,KAU16,20850,0,0,20850,20850,20850,10000,208500000
2017-01-20,KAU16,20850,0,0,20850,20850,20850,20000,417000000
2017-01-23,KAU16,20900,50,0.24,20900,20900,20900,20000,418000000
2017-01-24,KAU16,21000,100,0.48,21000,21000,21000,40000,840000000
2017-01-25,KAU16,22000,1000,4.76,21550,22000,21550,15000,325500000
2017-01-26,KAU16,23000,1000,4.55,23000,23000,23000,28883,614154700
2017-01-31,KAU16,23000,0,0,0,0,0,0,0
2017-02-01,KAU16,23550,550,2.39,23550,23550,23550,20000,471000000
2017-02-02,KAU16,24300,750,3.18,24300,24300,24300,10000,243000000
2017-02-03,KAU16,25000,700,2.88,24800,25000,24800,25000,621000000
2017-02-06,KAU16,26000,1000,4,26000,26000,26000,5000,130000000
2017-02-07,KAU16,26500,500,1.92,26000,26500,26000,17500,458750000
2017-02-08,KAU16,26500,0,0,26500,26500,26500,10000,265000000
2017-02-09,KAU16,26450,-50,-0.19,0,0,0,0,0
2017-02-10,KAU16,23850,-2600,-9.83,25000,25000,23850,50000,1199125000
2017-02-13,KAU16,25000,1150,4.82,25000,25000,25000,1900,47500000
2017-02-14,KAU16,25000,0,0,0,0,0,0,0
2017-02-15,KAU16,25000,0,0,0,0,0,0,0
2017-02-16,KAU16,24000,-1000,-4,24000,24000,24000,3000,72000000
2017-02-17,KAU16,24000,0,0,24000,24000,24000,5000,120000000
2017-02-20,KAU16,24000,0,0,24000,24000,24000,3000,72000000
2017-02-21,KAU16,24000,0,0,24000,24000,24000,3000,72000000
2017-02-22,KAU16,24000,0,0,24000,24000,24000,17284,414816000
2017-02-23,KAU16,23800,-200,-0.83,23600,24000,23600,39165,937410000
2017-02-24,KAU16,24000,200,0.84,24000,24000,24000,58400,1401600000
2017-02-27,KAU16,24000,0,0,23800,24000,23800,45211,1081864000
2017-02-28,KAU16,23900,-100,-0.42,23900,23900,23900,25000,597500000
2017-03-02,KAU16,23800,-100,-0.42,23900,23900,23800,7500,178550000
2017-03-03,KAU16,23800,0,0,0,0,0,0,0
2017-03-06,KAU16,23700,-100,-0.42,23700,23700,23700,10532,249608400
2017-03-07,KAU16,23700,0,0,0,0,0,0,0
2017-03-08,KAU16,23000,-700,-2.95,0,0,0,0,0
2017-03-09,KAU16,22900,-100,-0.43,23000,23000,22900,10000,229500000
2017-03-10,KAU16,22200,-700,-3.06,22200,22200,22200,5000,111000000
2017-03-13,KAU16,22000,-200,-0.9,22000,22000,22000,25000,550000000
2017-03-14,KAU16,21500,-500,-2.27,21800,21800,21500,428000,9490500000
2017-03-15,KAU16,21400,-100,-0.47,21300,21400,21300,200000,4297500000
2017-03-16,KAU16,21400,0,0,21400,21400,21400,105000,2247000000
2017-03-17,KAU16,21400,0,0,0,0,0,300000,6420000000
2017-03-20,KAU16,21300,-100,-0.47,22000,22000,21300,5000,108600000
2017-03-21,KAU16,21000,-300,-1.41,21000,21000,21000,153859,3267039000
2017-03-22,KAU16,20800,-200,-0.95,20900,20900,20800,22000,458070000
2017-03-23,KAU16,20600,-200,-0.96,20500,20600,20500,17000,349600000
2017-03-24,KAU16,20600,0,0,20600,20600,20600,104260,2227756000
2017-03-27,KAU16,20500,-100,-0.49,20500,20500,20500,20000,410000000
2017-03-28,KAU16,20500,0,0,20500,20500,20500,2000,41000000
2017-03-29,KAU16,20600,100,0.49,20500,20600,20500,215100,4411060000
2017-03-30,KAU16,20600,0,0,0,0,0,170000,3502000000
2017-03-31,KAU16,20600,0,0,20600,20600,20600,8000,164800000
2017-04-03,KAU16,20600,0,0,0,0,0,30000,618000000
2017-04-04,KAU16,20700,100,0.49,20700,20700,20700,270000,5565000000
2017-04-05,KAU16,20800,100,0.48,20800,20800,20800,260000,5384000000
2017-04-06,KAU16,20800,0,0,20800,20800,20800,15000,311500000
2017-04-07,KAU16,20450,-350,-1.68,20700,20700,20450,81719,1678945200
2017-04-10,KAU16,20450,0,0,20500,20500,20450,14300,293085000
2017-04-11,KAU16,20450,0,0,0,0,0,80000,1636000000
2017-04-12,KAU16,20450,0,0,20500,20500,20450,218590,4470595000
2017-04-13,KAU16,20450,0,0,20450,20450,20450,83000,1697350000
2017-04-14,KAU16,20450,0,0,0,0,0,0,0
2017-04-17,KAU16,20450,0,0,20450,20450,20450,35000,715750000
2017-04-18,KAU16,20450,0,0,0,0,0,500000,10225000000
2017-04-19,KAU16,20450,0,0,0,0,0,400000,8180000000
2017-04-20,KAU16,20450,0,0,20450,20450,20450,30000,613500000
2017-04-21,KAU16,20450,0,0,0,0,0,40000,818000000
2017-04-24,KAU16,20500,50,0.24,20500,20500,20450,14000,286800000
2017-04-25,KAU16,20500,0,0,20500,20500,20500,105000,2152500000
2017-04-26,KAU16,20500,0,0,20500,20500,20500,147581,3025410500
2017-04-27,KAU16,20500,0,0,20500,20500,20500,30000,615000000
2017-04-28,KAU16,20500,0,0,20500,20500,20500,35000,717500000
2017-05-02,KAU16,20500,0,0,20500,20500,20500,30000,615000000
2017-05-04,KAU16,20500,0,0,20500,20500,20500,1303,26711500
2017-05-08,KAU16,20500,0,0,20500,20500,20500,145627,2985353500
2017-05-10,KAU16,20500,0,0,20500,20500,20500,39500,809750000
2017-05-11,KAU16,20500,0,0,20500,20500,20500,61686,1264563000
2017-05-12,KAU16,20550,50,0.24,20550,20550,20550,2937,60355350
2017-05-15,KAU16,20600,50,0.24,20550,20600,20550,13700,281720000
2017-05-16,KAU16,20600,0,0,20600,20600,20600,8807,181424200
2017-05-17,KAU16,20600,0,0,20650,20650,20600,49000,1009600000
2017-05-18,KAU16,20650,50,0.24,20600,20650,20600,26324,542414400
2017-05-19,KAU16,20650,0,0,20650,20650,20650,30900,638085000
2017-05-22,KAU16,20650,0,0,0,0,0,0,0
2017-05-23,KAU16,20650,0,0,20650,20650,20650,243,5017950
2017-05-24,KAU16,20700,50,0.24,0,0,0,50682,1046583300
2017-05-25,KAU16,20800,100,0.48,0,0,0,22000,452100000
2017-05-26,KAU16,20800,0,0,0,0,0,0,0
2017-05-29,KAU16,20800,0,0,20900,20900,20800,42177,877712100
2017-05-30,KAU16,20850,50,0.24,20850,20850,20850,40500,845425000
2017-05-31,KAU16,20950,100,0.48,0,0,0,20000,417000000
2017-06-01,KAU16,21000,50,0.24,21000,21000,20950,430577,9016703550
2017-06-02,KAU16,20500,-500,-2.38,20500,20500,20500,738008,15389013850
2017-06-05,KAU16,20600,100,0.49,20500,20600,20500,18350,376815300
2017-06-07,KAU16,20500,-100,-0.49,20500,20600,20500,62540,1282320050
2017-06-08,KAU16,20500,0,0,20500,20500,20500,371889,7623724500
2017-06-09,KAU16,20500,0,0,20600,20600,20200,271167,5559824700
2017-06-12,KAU16,20250,-250,-1.22,20500,20600,20250,132855,2708635900
2017-06-13,KAU16,20500,250,1.23,20250,20500,20200,59716,1213728450
2017-06-14,KAU16,20550,50,0.24,20500,20550,20500,3184,65385800
2017-06-15,KAU16,20300,-250,-1.22,20600,20600,20300,33080,676332000
2017-06-16,KAU16,21000,700,3.45,21000,21000,21000,17721,372141000
2017-06-19,KAU16,21000,0,0,0,0,0,0,0
2017-06-20,KAU16,21000,0,0,0,0,0,0,0
2017-06-21,KAU16,21000,0,0,21000,21000,21000,15000,315000000
2017-06-22,KAU16,21000,0,0,21000,21000,21000,21396,449316000
2017-06-23,KAU16,20200,-800,-3.81,21000,21000,20200,19641,409577800
2017-06-26,KAU16,21000,800,3.96,21000,21000,21000,45358,918626000
2017-06-27,KAU16,21000,0,0,0,0,0,14501,293645250
2017-06-28,KAU16,21000,0,0,21000,21000,21000,33231,697851000
2017-06-29,KAU16,21500,500,2.38,21000,21500,21000,11061,232811500
2017-06-30,KAU16,21500,0,0,21500,21500,21500,4581,98491500
2017-07-03,KAU17,20350,0,0,20350,20350,20350,15000,305250000
2017-07-04,KAU17,20350,0,0,20350,20350,20350,10000,203500000
2017-07-05,KAU17,20350,0,0,20350,20400,20350,16500,335850000
2017-07-06,KAU17,20350,0,0,20350,20350,20350,20000,407000000
2017-07-07,KAU17,20350,0,0,0,0,0,0,0
2017-07-10,KAU17,20350,0,0,20350,20350,20350,6430,130850500
2017-07-11,KAU17,20350,0,0,20350,20350,20350,10000,203500000
2017-07-12,KAU17,20350,0,0,20350,20350,20350,13100,266585000
2017-07-13,KAU17,20350,0,0,20300,20350,20300,19500,396100000
2017-07-14,KAU17,20350,0,0,20350,20350,20350,15000,305250000
2017-07-17,KAU17,20350,0,0,20350,20350,20350,15000,305250000
2017-07-18,KAU17,20300,-50,-0.25,20350,20350,20300,45000,915521550
2017-07-19,KAU17,20350,50,0.25,20300,20350,20300,40518,822531750
2017-07-20,KAU17,20350,0,0,20350,20350,20350,15500,315425000
2017-07-21,KAU17,20350,0,0,20350,20350,20350,65000,1325750000
2017-07-24,KAU17,20350,0,0,20350,20350,20350,4296,87423600
2017-07-25,KAU17,20350,0,0,20350,20350,20350,50000,1017500000
2017-07-26,KAU17,20350,0,0,20350,20350,20350,10547,214631450
2017-07-27,KAU17,20350,0,0,20350,20350,20350,18753,381623550
2017-07-28,KAU17,20350,0,0,20350,20350,20350,10620,216117000
2017-07-31,KAU17,20350,0,0,0,0,0,0,0
2017-08-01,KAU17,20350,0,0,0,0,0,50000,1017500000
2017-08-02,KAU17,20350,0,0,20350,20350,20350,7400,150590000
2017-08-03,KAU17,20350,0,0,20350,20350,20350,945,19230750
2017-08-04,KAU17,20350,0,0,0,0,0,0,0
2017-08-07,KAU17,20300,-50,-0.25,0,0,0,38234,778061900
2017-08-08,KAU17,20300,0,0,20300,20300,20300,20000,406000000
2017-08-09,KAU17,20300,0,0,20300,20300,20300,4400,89320000
2017-08-10,KAU17,20300,0,0,20300,20300,20300,19931,404599300
2017-08-11,KAU17,20300,0,0,20300,20300,20200,51669,1047555700
2017-08-14,KAU17,20300,0,0,0,0,0,115000,2334500000
2017-08-16,KAU17,20200,-100,-0.49,20200,20300,20200,42500,861250000
2017-08-17,KAU17,20100,-100,-0.5,20100,20200,20100,13500,272050000
2017-08-18,KAU17,20000,-100,-0.5,20000,20000,20000,5000,100000000
2017-08-21,KAU17,20050,50,0.25,0,0,0,0,0
2017-08-22,KAU17,20050,0,0,20050,20050,20050,3000,60150000
2017-08-23,KAU17,20300,250,1.25,20050,20300,20050,42500,853750000
2017-08-24,KAU17,20300,0,0,20300,20300,20300,10000,203000000
2017-08-25,KAU17,20300,0,0,20300,20300,20300,10000,203000000
2017-08-28,KAU17,20300,0,0,20300,20300,20300,22307,452832100
2017-08-29,KAU17,20300,0,0,0,0,0,0,0
2017-08-30,KAU17,20300,0,0,20300,20300,20300,10000,203000000
2017-08-31,KAU17,20300,0,0,20300,20300,20300,10000,203000000
2017-09-01,KAU17,20300,0,0,0,0,0,5000,101500000
2017-09-04,KAU17,20300,0,0,20300,20300,20300,31860,646758000
2017-09-05,KAU17,20300,0,0,0,0,0,0,0
2017-09-06,KAU17,20300,0,0,20300,20300,20300,64000,1286000000
2017-09-07,KAU17,20300,0,0,20300,20300,20300,12500,253750000
2017-09-08,KAU17,20300,0,0,20300,20300,20300,10000,203000000
2017-09-11,KAU17,20300,0,0,20300,20300,20300,62500,1268750000
2017-09-12,KAU17,20300,0,0,20300,20300,20300,2680,54404000
2017-09-13,KAU17,20300,0,0,20300,20300,20300,30000,609000000
2017-09-14,KAU17,20300,0,0,20300,20300,20300,6574,133452200
2017-09-15,KAU17,20300,0,0,0,0,0,0,0
2017-09-18,KAU17,20500,200,0.99,20500,20500,20500,4000,82000000
2017-09-19,KAU17,20500,0,0,0,0,0,0,0
2017-09-20,KAU17,20650,150,0.73,20650,20650,20650,50500,1035325000
2017-09-21,KAU17,20650,0,0,0,0,0,0,0
2017-09-22,KAU17,20650,0,0,0,0,0,0,0
2017-09-25,KAU17,20650,0,0,0,0,0,0,0
2017-09-26,KAU17,20650,0,0,0,0,0,185000,3820250000
2017-09-27,KAU17,20650,0,0,0,0,0,0,0
2017-09-28,KAU17,20700,50,0.24,20700,20700,20700,1000,20700000
2017-09-29,KAU17,20800,100,0.48,0,0,0,52000,1063400000
2017-10-10,KAU17,20800,0,0,0,0,0,0,0
2017-10-11,KAU17,20800,0,0,0,0,0,0,0
2017-10-12,KAU17,20800,0,0,0,0,0,25000,520000000
2017-10-13,KAU17,20900,100,0.48,0,0,0,0,0
2017-10-16,KAU17,20900,0,0,0,0,0,0,0
2017-10-17,KAU17,21050,150,0.72,21050,21050,21050,5000,105250000
2017-10-18,KAU17,21100,50,0.24,0,0,0,0,0
2017-10-19,KAU17,21200,100,0.47,0,0,0,0,0
2017-10-20,KAU17,21200,0,0,0,0,0,0,0
2017-10-23,KAU17,21250,50,0.24,0,0,0,0,0
2017-10-24,KAU17,21350,100,0.47,0,0,0,20000,425000000
2017-10-25,KAU17,21500,150,0.7,0,0,0,0,0
2017-10-26,KAU17,21500,0,0,0,0,0,0,0
2017-10-27,KAU17,21500,0,0,21500,21500,21500,26500,578750000
2017-10-30,KAU17,21650,150,0.7,0,0,0,160000,3440000000
2017-10-31,KAU17,21800,150,0.69,0,0,0,135000,2922750000
2017-11-01,KAU17,21800,0,0,0,0,0,23400,503100000
2017-11-02,KAU17,21800,0,0,0,0,0,50000,1100000000
2017-11-03,KAU17,21800,0,0,0,0,0,45000,981000000
2017-11-06,KAU17,21850,50,0.23,0,0,0,0,0
2017-11-07,KAU17,21900,50,0.23,21900,21900,21900,10000,219000000
2017-11-08,KAU17,21900,0,0,21900,21900,21900,10000,219000000
2017-11-09,KAU17,22000,100,0.46,0,0,0,45000,985500000
2017-11-10,KAU17,22100,100,0.45,22100,22100,22100,10000,221000000
2017-11-13,KAU17,22450,350,1.58,22450,22450,22450,4000,89800000
2017-11-14,KAU17,23600,1150,5.12,23600,23600,23600,514617,11176704650
2017-11-15,KAU17,23650,50,0.21,0,0,0,20000,472000000
2017-11-16,KAU17,24000,350,1.48,24000,24000,24000,10000,240000000
2017-11-17,KAU17,24400,400,1.67,24250,24400,24250,21100,514825000
2017-11-20,KAU17,26000,1600,6.56,24800,26000,24800,23000,575000000
2017-11-21,KAU17,26000,0,0,27050,28000,26000,200300,5404775000
2017-11-22,KAU17,27000,1000,3.85,0,0,0,0,0
2017-11-23,KAU17,28000,1000,3.7,27300,28000,27300,25000,698250000
2017-11-24,KAU17,28000,0,0,0,0,0,6000,151200000
2017-11-27,KAU17,25200,-2800,-10,25500,25500,25200,9019,227578800
2017-11-28,KAU17,24500,-700,-2.78,0,0,0,0,0
2017-11-29,KAU17,24500,0,0,24500,24500,24500,178,4361000
2017-11-30,KAU17,24000,-500,-2.04,24000,24000,24000,22432,538368000
2017-12-01,KAU17,23500,-500,-2.08,0,0,0,0,0
2017-12-04,KAU17,23500,0,0,0,0,0,0,0
2017-12-05,KAU17,21150,-2350,-10,22100,22100,21150,5647,121155850
2017-12-06,KAU17,21950,800,3.78,0,0,0,6000,139500000
2017-12-07,KAU17,22500,550,2.51,22000,22500,22000,12100,272200000
2017-12-08,KAU17,22500,0,0,23000,23000,22500,165000,3716500000
2017-12-11,KAU17,22500,0,0,22500,22500,22500,25250,568125000
2017-12-12,KAU17,21500,-1000,-4.44,22000,22000,21500,25000,540000000
2017-12-13,KAU17,21500,0,0,21600,21600,21500,51750,1119685800
2017-12-14,KAU17,21800,300,1.4,21500,21800,21500,42000,903300000
2017-12-15,KAU17,21800,0,0,21800,21800,21800,1000,21800000
2017-12-18,KAU17,22000,200,0.92,22000,22000,22000,3000,66000000
2017-12-19,KAU17,22200,200,0.91,22000,22200,22000,25333,559046200
2017-12-20,KAU17,21800,-400,-1.8,22200,22200,21800,69350,1530970000
2017-12-21,KAU17,22000,200,0.92,21900,22000,21900,28249,621378000
2017-12-22,KAU17,22000,0,0,22000,22000,22000,25100,552200000
2017-12-26,KAU17,22000,0,0,22000,22000,22000,269945,5950537400
2017-12-27,KAU17,22000,0,0,22000,22000,22000,378000,8325200000
2017-12-28,KAU17,20000,-2000,-9.09,22000,22000,20000,233000,4942350000
2018-01-02,KAU17,20000,0,0,0,0,0,0,0
2018-01-03,KAU17,20000,0,0,20000,20000,20000,26000,530200000
2018-01-04,KAU17,20000,0,0,0,0,0,0,0
2018-01-05,KAU17,22000,2000,10,22000,22000,22000,45400,998800000
2018-01-08,KAU17,22000,0,0,0,0,0,0,0
2018-01-09,KAU17,22000,0,0,0,0,0,0,0
2018-01-10,KAU17,22000,0,0,22000,22000,22000,7205,154910000
2018-01-11,KAU17,22000,0,0,22000,22000,22000,247600,5447200000
2018-01-12,KAU17,22000,0,0,0,0,0,0,0
2018-01-15,KAU17,22000,0,0,22000,22000,22000,4000,88000000
2018-01-16,KAU17,22000,0,0,0,0,0,0,0
2018-01-17,KAU17,22000,0,0,22000,22000,22000,18000,396000000
2018-01-18,KAU17,22000,0,0,22000,22000,22000,11405,250910000
2018-01-19,KAU17,22000,0,0,22000,22000,22000,28000,616000000
2018-01-22,KAU17,22000,0,0,0,0,0,0,0
2018-01-23,KAU17,22000,0,0,0,0,0,0,0
2018-01-24,KAU17,21500,-500,-2.27,21500,21500,21500,703000,15398900000
2018-01-25,KAU17,22000,500,2.33,22000,22000,22000,81430,1791460000
2018-01-26,KAU17,22000,0,0,0,0,0,0,0
2018-01-29,KAU17,21700,-300,-1.36,21500,21700,21500,10000,216000000
2018-01-30,KAU17,21900,200,0.92,21800,21900,21800,15000,328000000
2018-01-31,KAU17,22000,100,0.46,22000,22000,22000,15196,333712000
2018-02-01,KAU17,22000,0,0,0,0,0,310000,6820000000
2018-02-02,KAU17,21900,-100,-0.45,21800,21900,21800,36000,789000000
2018-02-05,KAU17,21900,0,0,21900,21900,21900,208286,4561463400
2018-02-06,KAU17,22000,100,0.46,22000,22000,22000,51000,1122000000
2018-02-07,KAU17,22000,0,0,22000,22000,22000,7257,159354000
2018-02-08,KAU17,22000,0,0,22000,22000,22000,448000,9856000000
2018-02-09,KAU17,22000,0,0,22000,22000,22000,5713,125686000
2018-02-12,KAU17,22000,0,0,22000,22000,22000,1000,22000000
2018-02-13,KAU17,22200,200,0.91,22000,22200,22000,70000,1542000000
2018-02-14,KAU17,22000,-200,-0.9,22000,22000,22000,16000,352000000
2018-02-19,KAU17,22000,0,0,0,0,0,0,0
2018-02-20,KAU17,22000,0,0,22000,22000,22000,4193,92246000
2018-02-21,KAU17,22000,0,0,22000,22000,22000,21000,462000000
2018-02-22,KAU17,22000,0,0,22000,22000,22000,15000,330000000
2018-02-23,KAU17,22000,0,0,22000,22000,22000,12400,272800000
2018-02-26,KAU17,22000,0,0,22000,22000,22000,25000,550000000
2018-02-27,KAU17,22000,0,0,22000,22000,22000,79944,1758827300
2018-02-28,KAU17,22000,0,0,22000,22000,22000,6500,143000000
2018-03-02,KAU17,22000,0,0,0,0,0,0,0
2018-03-05,KAU17,22000,0,0,0,0,0,0,0
2018-03-06,KAU17,22200,200,0.91,22000,22200,22000,9500,209300000
2018-03-07,KAU17,22200,0,0,22200,22200,22200,54257,1203605400
2018-03-08,KAU17,22200,0,0,0,0,0,0,0
2018-03-09,KAU17,22200,0,0,22200,22200,22200,10000,222000000
2018-03-12,KAU17,22500,300,1.35,22200,22500,22200,31694,706606800
2018-03-13,KAU17,22100,-400,-1.78,22300,22300,22000,83193,1840603900
2018-03-14,KAU17,22100,0,0,0,0,0,76000,1680200000
2018-03-15,KAU17,22000,-100,-0.45,21600,22000,21600,82500,1799000000
2018-03-16,KAU17,22200,200,0.91,22000,22200,22000,55450,1221990000
2018-03-19,KAU17,22000,-200,-0.9,22000,22000,22000,75000,1650000000
2018-03-20,KAU17,22000,0,0,22100,22100,22000,80550,1772700000
2018-03-21,KAU17,22000,0,0,22000,22000,22000,61000,1342000000
2018-03-22,KAU17,22000,0,0,22000,22050,22000,53280,1172210000
2018-03-23,KAU17,22000,0,0,22000,22000,22000,55000,1210000000
2018-03-26,KAU17,22200,200,0.91,22000,22200,22000,61730,1359266800
2018-03-27,KAU17,22000,-200,-0.9,22200,22200,22000,56857,1257025400
2018-03-28,KAU17,22000,0,0,22000,22000,22000,76000,1672300000
2018-03-29,KAU17,22000,0,0,22000,22000,22000,77800,1711600000
2018-03-30,KAU17,22000,0,0,22000,22000,22000,76544,1683968000
2018-04-02,KAU17,22000,0,0,22000,22000,22000,115917,2550174000
2018-04-03,KAU17,22100,100,0.45,22050,22100,22050,67000,1479600000
2018-04-04,KAU17,22000,-100,-0.45,22000,22000,22000,206000,4532000000
2018-04-05,KAU17,21900,-100,-0.45,22000,22000,21900,90361,1986106500
2018-04-06,KAU17,21800,-100,-0.46,21900,21900,21800,160560,3518108000
2018-04-09,KAU17,21800,0,0,21800,21800,21800,14000,305200000
2018-04-10,KAU17,21800,0,0,0,0,0,261575,5703535000
2018-04-11,KAU17,21800,0,0,21800,21800,21800,72408,1579094400
2018-04-12,KAU17,21900,100,0.46,21850,21900,21850,22010,480919000
2018-04-13,KAU17,21900,0,0,21850,21900,21850,32237,704890300
2018-04-16,KAU17,21900,0,0,21900,21900,21900,84263,1845359700
2018-04-17,KAU17,21950,50,0.23,21950,21950,21950,16000,350300000
2018-04-18,KAU17,22000,50,0.23,22000,22000,22000,138313,3038040350
2018-04-19,KAU17,22000,0,0,22000,22000,22000,31410,691020000
2018-04-20,KAU17,22000,0,0,22000,22000,22000,46100,1014200000
2018-04-23,KAU17,22000,0,0,22000,22000,22000,48900,1075800000
2018-04-24,KAU17,22000,0,0,22000,22000,22000,67803,1491366000
2018-04-25,KAU17,22100,100,0.45,22100,22100,22000,90797,1997734000
2018-04-26,KAU17,22000,-100,-0.45,22100,22100,22000,12900,283875000
2018-04-27,KAU17,22000,0,0,22000,22000,22000,232214,5108708000
2018-04-30,KAU17,22100,100,0.45,22050,22100,22050,15272,337161200
2018-05-02,KAU17,22000,-100,-0.45,22000,22000,22000,46500,1023000000
2018-05-03,KAU17,22000,0,0,22000,22000,22000,13000,286000000
2018-05-04,KAU17,22000,0,0,22000,22000,22000,150470,3310340000
2018-05-08,KAU17,22000,0,0,22000,22000,22000,23000,506000000
2018-05-09,KAU17,22000,0,0,22000,22000,22000,54377,1196294000
2018-05-10,KAU17,22050,50,0.23,22000,22050,22000,95902,2112139100
2018-05-11,KAU17,22050,0,0,22050,22050,22050,5086,112146300
2018-05-14,KAU17,22050,0,0,0,0,0,0,0
2018-05-15,KAU17,22100,50,0.23,22100,22100,22100,11000,242500000
2018-05-16,KAU17,22150,50,0.23,22150,22150,22150,46000,1018000000
2018-05-17,KAU17,22200,50,0.23,22200,22200,22200,35001,777022200
2018-05-18,KAU17,22300,100,0.45,0,0,0,130000,2873000000
2018-05-21,KAU17,22400,100,0.45,22400,22400,22400,15177,337377400
2018-05-23,KAU17,22600,200,0.89,0,0,0,527000,11483300000
2018-05-24,KAU17,23000,400,1.77,22600,23000,22600,99000,2240200000
2018-05-25,KAU17,25300,2300,10,25000,25300,25000,81457,1929846000
2018-05-28,KAU17,26000,700,2.77,26000,26000,26000,3000,78000000
2018-05-29,KAU17,25700,-300,-1.15,25900,26000,25700,19300,500231850
2018-05-30,KAU17,23150,-2550,-9.92,23150,23200,23150,54406,1259573950
2018-05-31,KAU17,23200,50,0.22,22500,23200,22500,393389,8987177000
2018-06-01,KAU17,23000,-200,-0.86,24350,24350,23000,296256,6601902650
2018-06-04,KAU17,22800,-200,-0.87,22800,23000,22800,4834386,0
2018-06-05,KAU17,22650,-150,-0.66,23000,23000,22600,915035,20677521250
2018-06-07,KAU17,22200,-450,-1.99,22500,22500,22200,219351,4906788200
2018-06-08,KAU17,21700,-500,-2.25,21800,21800,21700,513106,11306286200
2018-06-11,KAU17,21500,-200,-0.92,21500,21600,21300,204947,4402375200
2018-06-12,KAU17,21500,0,0,21500,21500,21200,230767,5037858200
2018-06-14,KAU17,21500,0,0,21300,21500,21300,43316,929294000
2018-06-15,KAU17,21500,0,0,21500,21500,21200,206687,4449908700
2018-06-18,KAU17,21700,200,0.93,21700,21700,21700,19500,423150000
2018-06-19,KAU17,21700,0,0,21800,21800,21700,64121,1394637800
2018-06-20,KAU17,21550,-150,-0.69,21600,21700,21550,30098,649049650
2018-06-21,KAU17,21600,50,0.23,21500,21700,21500,262584,5659704750
2018-06-22,KAU17,21600,0,0,21600,21600,21550,161217,3481001750
2018-06-25,KAU17,21950,350,1.62,21700,21950,21700,71996,1555135850
2018-06-26,KAU17,23000,1050,4.78,22000,23000,22000,37753,842834200
2018-06-27,KAU17,23900,900,3.91,22700,23900,22700,3724,86502800
2018-06-28,KAU17,26250,2350,9.83,22500,26250,22500,50014,1246158150
2018-06-29,KAU17,28000,1750,6.67,28500,28850,28000,102855,2882423900
2018-07-02,KAU17,28000,0,0,25200,28000,25200,2,53200
2018-07-03,KAU17,28000,0,0,0,0,0,0,0
2018-07-04,KAU17,28000,0,0,0,0,0,0,0
2018-07-05,KAU17,28000,0,0,0,0,0,0,0
2018-07-06,KAU17,28000,0,0,0,0,0,0,0
2018-07-09,KAU17,28000,0,0,0,0,0,0,0
2018-07-10,KAU17,28000,0,0,0,0,0,0,0
2018-07-11,KAU17,28000,0,0,0,0,0,0,0
2018-07-12,KAU17,28000,0,0,0,0,0,0,0
2018-07-13,KAU17,28000,0,0,0,0,0,0,0
2018-07-16,KAU17,28000,0,0,0,0,0,19960,558880000
2018-07-17,KAU17,25200,-2800,-10,25200,25200,25200,20000,504000000
2018-07-18,KAU17,22700,-2500,-9.92,23000,23000,22700,6000,136500000
2018-07-19,KAU17,22700,0,0,22700,22700,22700,12000,272400000
2018-07-20,KAU17,22700,0,0,22700,22700,22700,12000,272400000
2018-07-23,KAU17,22700,0,0,22700,22700,22700,8643,196196100
2018-07-24,KAU17,22700,0,0,22700,22700,22700,4744,107688800
2018-07-25,KAU17,22700,0,0,22700,22700,22700,10420,236534000
2018-07-26,KAU17,22700,0,0,0,0,0,0,0
2018-07-27,KAU17,22700,0,0,0,0,0,0,0
2018-07-30,KAU17,22700,0,0,22700,22700,22700,14062,319207400
2018-07-31,KAU17,22500,-200,-0.88,22500,22700,22500,57150,1262433000
2018-08-01,KAU17,22000,-500,-2.22,22000,22000,22000,868,19096000
2018-08-02,KAU17,21700,-300,-1.36,23000,23000,21700,2945,64611000
2018-08-03,KAU17,21700,0,0,21700,21700,21700,20533,445566100
2018-08-06,KAU17,21700,0,0,22600,22600,21700,17981,392269800
2018-08-07,KAU17,21600,-100,-0.46,21500,21700,21500,61445,1329328700
2018-08-08,KAU17,21600,0,0,0,0,0,4839,104522400
2018-08-09,KAU17,21600,0,0,21600,21600,21600,850,18360000
2018-08-10,KAU18,21600,0,0,0,0,0,0,0
2018-08-13,KAU18,21600,0,0,0,0,0,0,0
2018-08-14,KAU18,21600,0,0,0,0,0,0,0
2018-08-16,KAU18,21600,0,0,0,0,0,0,0
2018-08-17,KAU18,21600,0,0,0,0,0,0,0
2018-08-20,KAU18,21600,0,0,0,0,0,0,0
2018-08-21,KAU18,21600,0,0,0,0,0,0,0
2018-08-22,KAU18,21600,0,0,0,0,0,0,0
2018-08-23,KAU18,21600,0,0,0,0,0,0,0
2018-08-24,KAU18,21600,0,0,0,0,0,0,0
2018-08-27,KAU18,21600,0,0,0,0,0,0,0
2018-08-28,KAU18,21600,0,0,0,0,0,0,0
2018-08-29,KAU18,21600,0,0,0,0,0,0,0
2018-08-30,KAU18,21600,0,0,0,0,0,0,0
2018-08-31,KAU18,21600,0,0,0,0,0,0,0
2018-09-03,KAU18,21600,0,0,0,0,0,0,0
2018-09-04,KAU18,21600,0,0,0,0,0,0,0
2018-09-05,KAU18,22000,400,1.85,0,0,0,250000,5400000000
2018-09-06,KAU18,22000,0,0,0,0,0,0,0
2018-09-07,KAU18,22000,0,0,0,0,0,0,0
2018-09-10,KAU18,22000,0,0,0,0,0,0,0
2018-09-11,KAU18,22050,50,0.23,0,0,0,0,0
2018-09-12,KAU18,22050,0,0,0,0,0,0,0
2018-09-13,KAU18,22050,0,0,0,0,0,0,0
2018-09-14,KAU18,22050,0,0,0,0,0,0,0
2018-09-17,KAU18,22050,0,0,0,0,0,0,0
2018-09-18,KAU18,22000,-50,-0.23,22000,22000,22000,250100,5502200000
2018-09-19,KAU18,22000,0,0,0,0,0,0,0
2018-09-20,KAU18,22000,0,0,0,0,0,0,0
2018-09-21,KAU18,22000,0,0,0,0,0,90000,1973500000
2018-09-27,KAU18,22000,0,0,0,0,0,0,0
2018-09-28,KAU18,22200,200,0.91,22200,22200,22200,500,11100000
2018-10-01,KAU18,22200,0,0,0,0,0,0,0
2018-10-02,KAU18,22200,0,0,0,0,0,0,0
2018-10-04,KAU18,22200,0,0,0,0,0,0,0
2018-10-05,KAU18,22400,200,0.9,22400,22400,22400,500,11200000
2018-10-08,KAU18,22400,0,0,0,0,0,0,0
2018-10-10,KAU18,22400,0,0,0,0,0,0,0
2018-10-11,KAU18,22400,0,0,0,0,0,0,0
2018-10-12,KAU18,22400,0,0,0,0,0,0,0
2018-10-15,KAU18,22400,0,0,0,0,0,0,0
2018-10-16,KAU18,22600,200,0.89,22600,22600,22600,1000,22600000
2018-10-17,KAU18,22600,0,0,0,0,0,0,0
2018-10-18,KAU18,22600,0,0,0,0,0,0,0
2018-10-19,KAU18,22800,200,0.88,22800,22800,22800,456,10396800
2018-10-22,KAU18,22800,0,0,0,0,0,0,0
2018-10-23,KAU18,22900,100,0.44,22900,22900,22900,1000,22900000
2018-10-24,KAU18,22900,0,0,0,0,0,0,0
2018-10-25,KAU18,22900,0,0,0,0,0,0,0
2018-10-26,KAU18,22900,0,0,0,0,0,0,0
2018-10-29,KAU18,23200,300,1.31,23200,23200,23200,4333,100525600
2018-10-30,KAU18,23200,0,0,0,0,0,0,0
2018-10-31,KAU18,23200,0,0,0,0,0,0,0
2018-11-01,KAU18,23200,0,0,0,0,0,0,0
2018-11-02,KAU18,23200,0,0,0,0,0,0,0
2018-11-05,KAU18,23200,0,0,0,0,0,0,0
2018-11-06,KAU18,23200,0,0,0,0,0,0,0
2018-11-07,KAU18,23200,0,0,0,0,0,0,0
2018-11-08,KAU18,23200,0,0,0,0,0,0,0
2018-11-09,KAU18,23300,100,0.43,0,0,0,0,0
2018-11-12,KAU18,23300,0,0,0,0,0,500000,11300000000
2018-11-13,KAU18,23300,0,0,0,0,0,0,0
2018-11-14,KAU18,23300,0,0,23300,23300,23300,10000,233000000
2018-11-15,KAU18,23300,0,0,0,0,0,0,0
2018-11-16,KAU18,23500,200,0.86,0,0,0,0,0
2018-11-19,KAU18,23500,0,0,0,0,0,0,0
2018-11-20,KAU18,23500,0,0,23500,23500,23500,28000,646500000
2018-11-21,KAU18,23550,50,0.21,0,0,0,20000,452000000
2018-11-22,KAU18,24500,950,4.03,24500,24500,24500,813,19918500
2018-11-23,KAU18,24000,-500,-2.04,0,0,0,0,0
2018-11-26,KAU18,23500,-500,-2.08,24000,24000,23500,3187,75181500
2018-11-27,KAU18,23500,0,0,0,0,0,0,0
2018-11-28,KAU18,23550,50,0.21,0,0,0,0,0
2018-11-29,KAU18,24000,450,1.91,24000,24000,24000,4800,115200000
2018-11-30,KAU18,24000,0,0,0,0,0,0,0
2018-12-03,KAU18,24000,0,0,0,0,0,0,0
2018-12-04,KAU18,24000,0,0,0,0,0,0,0
2018-12-05,KAU18,24000,0,0,0,0,0,20000,466000000
2018-12-06,KAU18,24000,0,0,24000,24000,24000,20010,458240000
2018-12-07,KAU18,24000,0,0,24000,24000,24000,43,1032000
2018-12-10,KAU18,25000,1000,4.17,0,0,0,0,0
2018-12-11,KAU18,25000,0,0,0,0,0,0,0
2018-12-12,KAU18,25000,0,0,0,0,0,0,0
2018-12-13,KAU18,25000,0,0,0,0,0,0,0
2018-12-14,KAU18,25000,0,0,0,0,0,0,0
2018-12-17,KAU18,25000,0,0,0,0,0,50000,1162500000
2018-12-18,KAU18,25000,0,0,0,0,0,0,0
2018-12-19,KAU18,24000,-1000,-4,24000,24000,24000,23500,542000000
2018-12-20,KAU18,24000,0,0,0,0,0,0,0
2018-12-21,KAU18,24000,0,0,0,0,0,0,0
2018-12-24,KAU18,25000,1000,4.17,0,0,0,0,0
2018-12-26,KAU18,25000,0,0,0,0,0,0,0
2018-12-27,KAU18,25000,0,0,0,0,0,0,0
2018-12-28,KAU18,25000,0,0,0,0,0,0,0
2019-01-02,KAU18,25000,0,0,0,0,0,0,0
2019-01-03,KAU18,25000,0,0,0,0,0,0,0
2019-01-04,KAU18,25000,0,0,0,0,0,0,0
2019-01-07,KAU18,25000,0,0,0,0,0,0,0
2019-01-08,KAU18,25000,0,0,0,0,0,0,0
2019-01-09,KAU18,25000,0,0,0,0,0,20000,466000000
2019-01-10,KAU18,25000,0,0,0,0,0,0,0
2019-01-11,KAU18,25000,0,0,0,0,0,0,0
2019-01-14,KAU18,25000,0,0,0,0,0,0,0
2019-01-15,KAU18,25000,0,0,0,0,0,0,0
2019-01-16,KAU18,25000,0,0,0,0,0,0,0
2019-01-17,KAU18,25000,0,0,0,0,0,0,0
2019-01-18,KAU18,25000,0,0,0,0,0,0,0
2019-01-21,KAU18,25000,0,0,0,0,0,0,0
2019-01-22,KAU18,25000,0,0,0,0,0,0,0
2019-01-23,KAU18,25000,0,0,0,0,0,20000,500000000
2019-01-24,KAU18,25000,0,0,0,0,0,0,0
2019-01-25,KAU18,25500,500,2,25500,25500,25500,10000,255000000
2019-01-28,KAU18,25500,0,0,0,0,0,0,0
2019-01-29,KAU18,25500,0,0,25500,25500,25500,500,12750000
2019-01-30,KAU18,25500,0,0,25500,25500,25500,39500,1007250000
2019-01-31,KAU18,25500,0,0,0,0,0,0,0
2019-02-01,KAU18,25500,0,0,0,0,0,0,0
2019-02-07,KAU18,25500,0,0,0,0,0,0,0
2019-02-08,KAU18,25500,0,0,25500,25500,25500,20000,510000000
2019-02-11,KAU18,25500,0,0,0,0,0,0,0
2019-02-12,KAU18,25550,50,0.2,0,0,0,0,0
2019-02-13,KAU18,25550,0,0,0,0,0,0,0
2019-02-14,KAU18,27050,1500,5.87,27050,27050,27050,50000,1352500000
2019-02-15,KAU18,27050,0,0,0,0,0,0,0
2019-02-18,KAU18,27000,-50,-0.18,27000,27000,27000,11000,297000000
2019-02-19,KAU18,27000,0,0,27000,27000,27000,49000,1323000000
2019-02-20,KAU18,26000,-1000,-3.7,26000,26000,26000,17000,442000000
2019-02-21,KAU18,26000,0,0,26000,26000,26000,12946,336596000
2019-02-22,KAU18,26000,0,0,26000,26000,26000,83286,2165436000
2019-02-25,KAU18,26000,0,0,0,0,0,0,0
2019-02-26,KAU18,26050,50,0.19,0,0,0,0,0
2019-02-27,KAU18,26150,100,0.38,0,0,0,30000,789000000
2019-02-28,KAU18,26500,350,1.34,0,0,0,0,0
2019-03-04,KAU18,26500,0,0,0,0,0,0,0
2019-03-05,KAU18,26500,0,0,0,0,0,0,0
2019-03-06,KAU18,26500,0,0,0,0,0,0,0
2019-03-07,KAU18,26500,0,0,26500,26500,26500,3479,92193500
2019-03-08,KAU18,26500,0,0,26500,26500,26500,23183,614349500
2019-03-11,KAU18,26500,0,0,26500,26500,26500,170000,4505000000
2019-03-12,KAU18,26500,0,0,26500,26500,26500,103000,2714500000
2019-03-13,KAU18,26500,0,0,0,0,0,0,0
2019-03-14,KAU18,26500,0,0,0,0,0,0,0
2019-03-15,KAU18,26500,0,0,26500,26500,26500,338,8957000
2019-03-18,KAU18,26500,0,0,0,0,0,0,0
2019-03-19,KAU18,26500,0,0,0,0,0,0,0
2019-03-20,KAU18,26500,0,0,0,0,0,0,0
2019-03-21,KAU18,26500,0,0,0,0,0,0,0
2019-03-22,KAU18,26500,0,0,0,0,0,0,0
2019-03-25,KAU18,26500,0,0,0,0,0,0,0
2019-03-26,KAU18,26500,0,0,0,0,0,30000,793500000
2019-03-27,KAU18,26600,100,0.38,0,0,0,0,0
2019-03-28,KAU18,26650,50,0.19,0,0,0,0,0
2019-03-29,KAU18,26650,0,0,0,0,0,0,0
2019-04-01,KAU18,26650,0,0,0,0,0,0,0
2019-04-02,KAU18,26650,0,0,0,0,0,0,0
2019-04-03,KAU18,26700,50,0.19,0,0,0,0,0
2019-04-04,KAU18,26700,0,0,0,0,0,0,0
2019-04-05,KAU18,27000,300,1.12,27000,27000,27000,1500,40500000
2019-04-08,KAU18,27600,600,2.22,27300,27600,27300,3000,82250000
2019-04-09,KAU18,27600,0,0,0,0,0,0,0
2019-04-10,KAU18,27600,0,0,0,0,0,0,0
2019-04-11,KAU18,27600,0,0,0,0,0,0,0
2019-04-12,KAU18,27600,0,0,0,0,0,0,0
2019-04-15,KAU18,27600,0,0,0,0,0,0,0
2019-04-16,KAU18,27600,0,0,0,0,0,0,0
2019-04-17,KAU18,27600,0,0,0,0,0,0,0
2019-04-18,KAU18,27650,50,0.18,0,0,0,0,0
2019-04-19,KAU18,27900,250,0.9,27900,27900,27900,10000,279000000
2019-04-22,KAU18,27900,0,0,27900,27900,27900,10000,279000000
2019-04-23,KAU18,27900,0,0,27900,27900,27900,47000,1277700000
2019-04-24,KAU18,28000,100,0.36,28000,28000,28000,10000,280000000
2019-04-25,KAU18,28900,900,3.21,28900,28900,28000,18000,506700000
2019-04-26,KAU18,29000,100,0.35,28900,29000,28900,4000,115700000
2019-04-29,KAU18,28100,-900,-3.1,28100,28100,28100,20000,562000000
2019-04-30,KAU18,28300,200,0.71,29100,29100,28200,26200,750211800
2019-05-02,KAU18,29000,700,2.47,29000,29000,29000,16252,471308000
2019-05-03,KAU18,29000,0,0,29000,29000,29000,106129,2952741000
2019-05-07,KAU18,29000,0,0,29000,29000,29000,5119,148451000
2019-05-08,KAU18,29200,200,0.69,29100,29200,29100,14990,436558000
2019-05-09,KAU18,29300,100,0.34,29200,29300,29200,66881,1953413300
2019-05-10,KAU18,29000,-300,-1.02,29300,29300,29000,94500,2758350000
2019-05-13,KAU18,28500,-500,-1.72,28500,28500,28500,25600,729600000
2019-05-14,KAU18,28200,-300,-1.05,28000,28200,28000,43100,1210800000
2019-05-15,KAU18,28000,-200,-0.71,28000,28000,28000,3590,100520000
2019-05-16,KAU18,27950,-50,-0.18,28000,28000,27950,39978,1119269000
2019-05-17,KAU18,27000,-950,-3.4,27900,27900,27000,123191,3368707200
2019-05-20,KAU18,25500,-1500,-5.56,26900,26900,25500,41799,1094276900
2019-05-21,KAU18,25700,200,0.78,25500,25700,25500,114576,2926970600
2019-05-22,KAU18,26550,850,3.31,0,0,0,16000,411200000
2019-05-23,KAU18,27000,450,1.69,27000,27000,27000,37500,1012500000
2019-05-24,KAU18,27000,0,0,27000,27000,27000,60400,1630800000
2019-05-27,KAU18,27000,0,0,27000,27000,27000,1576,42552000
2019-05-28,KAU18,27300,300,1.11,27200,27300,27200,12652,344319700
2019-05-29,KAU18,27000,-300,-1.1,27300,27300,27000,41452,1125252000
2019-05-30,KAU18,27000,0,0,27000,27000,27000,415000,11365000000
2019-05-31,KAU18,27500,500,1.85,27300,27500,27300,12552,344880000
2019-06-03,KAU18,27800,300,1.09,27800,27800,27800,5000,139000000
2019-06-04,KAU18,27800,0,0,27800,27800,27800,31661,880175800
2019-06-05,KAU18,27000,-800,-2.88,27800,27800,27000,84085,2295863800
2019-06-07,KAU18,27000,0,0,27000,27000,27000,78400,2116800000
2019-06-10,KAU18,26900,-100,-0.37,27000,27000,26700,118149,3188528300
2019-06-11,KAU18,27000,100,0.37,27000,27000,26900,16293,439461000
2019-06-12,KAU18,27300,300,1.11,27300,27300,27000,13381,362787000
2019-06-13,KAU18,27300,0,0,27000,27300,27000,18000,489798800
2019-06-14,KAU18,27400,100,0.37,27300,27500,27200,147357,4027830600
2019-06-17,KAU18,27500,100,0.36,27700,28000,27300,47783,1310419200
2019-06-18,KAU18,27650,150,0.55,27650,27700,27650,12000,332010150
2019-06-19,KAU18,27750,100,0.36,27650,27750,27650,7796,215764000
2019-06-20,KAU18,27800,50,0.18,27700,27800,27700,2200,61010000
2019-06-21,KAU18,28000,200,0.72,27850,28000,27850,72884,2039504800
2019-06-24,KAU18,28000,0,0,28000,28000,27900,107896,3020103000
2019-06-25,KAU18,28150,150,0.54,28000,28150,27950,44013,1234223900
2019-06-26,KAU18,28100,-50,-0.18,28300,28300,28100,64623,1818568600
2019-06-27,KAU18,28100,0,0,28100,28200,28100,30743,864337500
2019-06-28,KAU18,28050,-50,-0.18,28150,28150,28050,33037,927160150
2019-07-01,KAU18,28050,0,0,28050,28050,28050,5000,140250000
2019-07-02,KAU18,28100,50,0.18,28050,28100,28050,18313,513729650
2019-07-03,KAU18,28100,0,0,0,0,0,9100,255255000
2019-07-04,KAU18,28150,50,0.18,28100,28150,28100,161994,4552581400
2019-07-05,KAU18,28150,0,0,28150,28150,28150,18500,520775000
2019-07-08,KAU18,28200,50,0.18,28200,28200,28200,230061,6477720200
2019-07-09,KAU18,28200,0,0,28200,28200,28200,54656,1541299200
2019-07-10,KAU18,28200,0,0,28200,28200,28200,63058,1778235600
2019-07-11,KAU18,28200,0,0,0,0,0,0,0
2019-07-12,KAU18,28200,0,0,28200,28200,28200,2000,56400000
2019-07-15,KAU18,28300,100,0.35,28300,28300,28300,5840,165272000
2019-07-16,KAU18,28250,-50,-0.18,28300,28300,28250,64068,1810421000
2019-07-17,KAU18,28250,0,0,28250,28300,28250,79125,2233431250
2019-07-18,KAU18,28350,100,0.35,28500,28500,28350,2729,77554650
2019-07-19,KAU18,28400,50,0.18,28350,28400,28350,10727,304560450
2019-07-22,KAU18,28400,0,0,28500,28500,28400,7000,199225000
2019-07-23,KAU18,28600,200,0.7,28450,28600,28450,9104,259349400
2019-07-24,KAU18,28400,-200,-0.7,28500,28500,28400,42626,1208401000
2019-07-25,KAU18,28450,50,0.18,28450,28450,28450,165155,4655144750
2019-07-26,KAU18,28500,50,0.18,28500,28500,28500,30000,855000000
2019-07-29,KAU18,28500,0,0,28500,28500,28500,245462,6855667000
2019-07-30,KAU18,28600,100,0.35,28600,28600,28600,3000,85800000
2019-07-31,KAU18,28600,0,0,28600,28600,28600,30000,851000000
2019-08-01,KAU18,28600,0,0,0,0,0,0,0
2019-08-02,KAU18,28600,0,0,28600,28600,28600,6918,197854800
2019-08-05,KAU18,28600,0,0,28650,28650,28600,22565,646384000
2019-08-06,KAU18,28600,0,0,28600,28600,28600,16975,485485000
2019-08-07,KAU18,28650,50,0.17,28600,28650,28600,10649,305032300
2019-08-08,KAU18,28700,50,0.17,28650,28700,28650,155291,4449212150
2019-08-09,KAU18,28800,100,0.35,28750,28800,28750,81688,2344367300
2019-08-12,KAU18,29500,700,2.43,29000,29500,29000,87579,2523273350
2019-08-13,KAU18,30000,500,1.69,30000,30000,30000,35724,1071720000
2019-08-14,KAU18,30500,500,1.67,30100,30500,30100,16406,495715800
2019-08-16,KAU18,29900,-600,-1.97,31000,31000,29900,6500,199850000
2019-08-19,KAU18,29900,0,0,30300,30300,29800,9500,285700000
2019-08-20,KAU18,29100,-800,-2.68,29000,29100,29000,15705,456609600
2019-08-21,KAU18,29400,300,1.03,29400,29400,29100,13344,390813600
2019-08-22,KAU18,29450,50,0.17,29100,29500,29100,31850,938617000
2019-08-23,KAU18,29500,50,0.17,29500,29500,29400,176282,5096449300
2019-08-26,KAU18,29600,100,0.34,29500,29600,29500,85979,2530005900
2019-08-27,KAU18,29700,100,0.34,29700,29700,29600,35332,1048787500
2019-08-28,KAU18,29700,0,0,29800,29900,29700,23500,700475000
2019-08-29,KAU18,29750,50,0.17,29700,29750,29700,74256,2206324700
2019-08-30,KAU18,29950,200,0.67,29950,29950,29850,42440,1267848250
2019-09-02,KAU18,29950,0,0,29950,29950,29950,32330,968283500
2019-09-03,KAU18,30000,50,0.17,29950,30000,29950,17041,510777950
2019-09-04,KAU18,30000,0,0,30000,30000,29950,91047,2731247450
2019-09-05,KAU18,30100,100,0.33,30000,30100,30000,128088,3844090000
2019-09-06,KAU18,30300,200,0.66,30100,30300,30100,64222,1931663300
2019-09-09,KAU18,30750,450,1.49,30500,30750,30500,30880,942614750
2019-09-10,KAU18,30300,-450,-1.46,30700,30700,30300,24120,731276000
2019-09-11,KAU18,30750,450,1.49,30000,30750,30000,39515,1176727650
2019-09-16,KAU18,30800,50,0.16,30800,30800,30800,9745,300146000
2019-09-17,KAU18,31000,200,0.65,31000,31000,31000,7794,241614000
2019-09-18,KAU18,31300,300,0.97,31300,31300,31300,500,15650000
2019-09-19,KAU18,33500,2200,7.03,32000,33500,32000,1788,58216000
2019-09-20,KAU18,34500,1000,2.99,34150,34500,34050,1486,50849700
2019-09-23,KAU18,34900,400,1.16,34700,34900,34700,14110,490268000
2019-09-24,KAU18,35600,700,2.01,35100,35600,35100,8639,304636100
2019-09-25,KAU18,37000,1400,3.93,36000,37000,36000,16058,582101900
2019-09-26,KAU18,38000,1000,2.7,38000,38000,38000,2528,96064000
2019-09-27,KAU18,39000,1000,2.63,39000,39000,39000,271,10569000
2019-09-30,KAU19,31850,0,0,31850,31850,31700,48823,1552042550
2019-10-01,KAU19,31850,0,0,31850,31850,31850,1500,47775000
2019-10-02,KAU19,31900,50,0.16,31900,31900,31900,3501,111681900
2019-10-04,KAU19,31950,50,0.16,31950,31950,31950,4000,127800000
2019-10-07,KAU19,32050,100,0.31,32000,32050,32000,6000,192050000
2019-10-08,KAU19,32100,50,0.16,32100,32100,32100,4500,144450000
2019-10-10,KAU19,32200,100,0.31,32150,32200,32150,8000,257275000
2019-10-11,KAU19,32500,300,0.93,32350,32500,32300,10107,327177500
2019-10-14,KAU19,32550,50,0.15,32550,32550,32550,5000,162750000
2019-10-15,KAU19,32650,100,0.31,32650,32650,32650,5000,163250000
2019-10-16,KAU19,32700,50,0.15,32650,32700,32650,6000,196050000
2019-10-17,KAU19,32700,0,0,32700,32700,32700,7000,228900000
2019-10-18,KAU19,32750,50,0.15,32750,32750,32750,4500,147375000
2019-10-21,KAU19,32800,50,0.15,32800,32850,32800,5000,164075000
2019-10-22,KAU19,32900,100,0.3,32850,32900,32850,15500,509675000
2019-10-23,KAU19,32900,0,0,32950,32950,32900,8000,263325000
2019-10-24,KAU19,33000,100,0.3,32950,33050,32950,8500,280425000
2019-10-25,KAU19,33150,150,0.45,33150,33200,33150,6000,199100000
2019-10-28,KAU19,33400,250,0.75,33250,33400,33250,16000,533100000
2019-10-29,KAU19,33650,250,0.75,33550,33700,33500,23900,802603400
2019-10-30,KAU19,33900,250,0.74,33850,34000,33850,19509,660580100
2019-10-31,KAU19,33950,50,0.15,33900,33950,33900,29000,983850000
2019-11-01,KAU19,34000,50,0.15,33950,34000,33950,6500,220925000
2019-11-04,KAU19,34150,150,0.44,34100,34150,34100,5593,190850950
2019-11-05,KAU19,34300,150,0.44,34250,34300,34250,7000,239875000
2019-11-06,KAU19,34600,300,0.87,34600,34600,34550,14000,484250000
2019-11-07,KAU19,34800,200,0.58,34800,34800,34800,3000,104400000
2019-11-08,KAU19,35000,200,0.57,35000,35000,35000,3000,105000000
2019-11-11,KAU19,35500,500,1.43,35300,35500,35300,4300,152035000
2019-11-12,KAU19,35750,250,0.7,35600,35750,35600,11500,409625000
2019-11-13,KAU19,36350,600,1.68,36300,36350,36300,14500,526575000
2019-11-14,KAU19,36750,400,1.1,36700,36750,36700,12280,450790000
2019-11-15,KAU19,35000,-1750,-4.76,36950,36950,34550,16500,595875000
2019-11-18,KAU19,36250,1250,3.57,36950,36950,36000,16000,587525000
2019-11-19,KAU19,36550,300,0.83,36500,36550,36300,23200,846900000
2019-11-20,KAU19,36700,150,0.41,36900,37200,36600,22970,848614000
2019-11-21,KAU19,36850,150,0.41,36700,36850,36700,23820,876187000
2019-11-22,KAU19,37500,650,1.76,37500,37500,37300,19000,711595000
2019-11-25,KAU19,37850,350,0.93,38000,38000,37850,15000,569250000
2019-11-26,KAU19,38950,1100,2.91,0,0,0,0,0
2019-11-27,KAU19,38000,-950,-2.44,39850,39850,38000,33080,1307935000
2019-11-28,KAU19,38150,150,0.39,38050,38200,38050,38500,1468175000
2019-11-29,KAU19,38350,200,0.52,38400,38400,38350,19000,729550000
2019-12-02,KAU19,37700,-650,-1.69,37700,37700,37700,1500,56550000
2019-12-03,KAU19,37700,0,0,37700,37700,37700,3000,113100000
2019-12-04,KAU19,38350,650,1.72,0,0,0,0,0
2019-12-05,KAU19,38950,600,1.56,0,0,0,0,0
2019-12-06,KAU19,39250,300,0.77,0,0,0,0,0
2019-12-09,KAU19,39450,200,0.51,39450,39450,39450,1500,59175000
2019-12-10,KAU19,39600,150,0.38,39600,39600,39600,7200,285120000
2019-12-11,KAU19,39900,300,0.76,39850,39900,39850,7000,279200000
2019-12-12,KAU19,40450,550,1.38,40500,40500,40450,8000,323775000
2019-12-13,KAU19,40550,100,0.25,0,0,0,0,0
2019-12-16,KAU19,40600,50,0.12,0,0,0,0,0
2019-12-17,KAU19,40650,50,0.12,0,0,0,80000,3248000000
2019-12-18,KAU19,40700,50,0.12,0,0,0,0,0
2019-12-19,KAU19,40800,100,0.25,0,0,0,23000,936100000
2019-12-20,KAU19,40800,0,0,40800,40800,40800,1100,44880000
2019-12-23,KAU19,40900,100,0.25,40900,40900,40900,5000,204500000
2019-12-24,KAU19,37050,-3850,-9.41,40950,40950,37050,123744,5046393550
2019-12-26,KAU19,39500,2450,6.61,0,0,0,35000,1296750000
2019-12-27,KAU19,37500,-2000,-5.06,37500,37500,37500,35000,1407000000
2019-12-30,KAU19,38100,600,1.6,40000,40000,38100,24939,999485000
2020-01-02,KAU19,36500,-1600,-4.2,36500,36500,36500,1500,54750000
2020-01-03,KAU19,35050,-1450,-3.97,40000,40000,35050,5451,215565000
2020-01-06,KAU19,33000,-2050,-5.85,32100,33000,32100,5500,177000000
2020-01-07,KAU19,35200,2200,6.67,35200,35200,35200,5000,176000000
2020-01-08,KAU19,36000,800,2.27,0,0,0,0,0
2020-01-09,KAU19,35500,-500,-1.39,35500,35500,35500,5000,177500000
2020-01-10,KAU19,38000,2500,7.04,36550,38000,36550,12000,445750000
2020-01-13,KAU19,38500,500,1.32,38550,38550,38500,4000,154025000
2020-01-14,KAU19,39050,550,1.43,36300,39050,36300,5000,186450000
2020-01-15,KAU19,37450,-1600,-4.1,37050,39200,37050,14600,565070000
2020-01-16,KAU19,38650,1200,3.2,39000,39500,38650,8100,318377500
2020-01-17,KAU19,38100,-550,-1.42,38100,38100,38100,1500,57150000
2020-01-20,KAU19,38100,0,0,0,0,0,0,0
2020-01-21,KAU19,37950,-150,-0.39,37800,38000,37800,112000,4295100000
2020-01-22,KAU19,38000,50,0.13,38600,38600,37900,51000,1949150000
2020-01-23,KAU19,38050,50,0.13,0,0,0,0,0
2020-01-28,KAU19,38050,0,0,0,0,0,0,0
2020-01-29,KAU19,38000,-50,-0.13,38000,38000,38000,2000,76000000
2020-01-30,KAU19,38100,100,0.26,38100,38100,38100,2000,76200000
2020-01-31,KAU19,38200,100,0.26,38200,38200,38100,8000,305500000
2020-02-03,KAU19,38200,0,0,0,0,0,0,0
2020-02-04,KAU19,38200,0,0,0,0,0,0,0
2020-02-05,KAU19,38200,0,0,0,0,0,0,0
2020-02-06,KAU19,37550,-650,-1.7,37000,37550,37000,10000,372750000
2020-02-07,KAU19,37100,-450,-1.2,38000,38000,37100,6000,223500000
2020-02-10,KAU19,38800,1700,4.58,37500,39000,37500,4500,174150000
2020-02-11,KAU19,39050,250,0.64,0,0,0,0,0
2020-02-12,KAU19,39150,100,0.26,39400,39400,39150,111000,4346200000
2020-02-13,KAU19,38800,-350,-0.89,38800,38800,38800,1500,58200000
2020-02-14,KAU19,38800,0,0,38800,38800,38800,1500,58200000
2020-02-17,KAU19,38800,0,0,38850,38850,38800,18000,699050000
2020-02-18,KAU19,39400,600,1.55,0,0,0,0,0
2020-02-19,KAU19,39400,0,0,39400,39450,39400,22000,864450000
2020-02-20,KAU19,39500,100,0.25,0,0,0,0,0
2020-02-21,KAU19,39650,150,0.38,0,0,0,0,0
2020-02-24,KAU19,39300,-350,-0.88,39300,39300,39300,1500,58950000
2020-02-25,KAU19,39000,-300,-0.76,40000,40000,39000,12000,478000000
2020-02-26,KAU19,39300,300,0.77,39300,39300,39300,4000,157400000
2020-02-27,KAU19,39350,50,0.13,39600,39600,39350,29250,1156167500
2020-02-28,KAU19,39350,0,0,39500,39500,39350,15500,611825000
2020-03-02,KAU19,39350,0,0,39350,39350,39350,3000,118050000
2020-03-03,KAU19,39500,150,0.38,39500,39500,39500,10000,395000000
2020-03-04,KAU19,40100,600,1.52,39750,40100,39700,9000,359350000
2020-03-05,KAU19,39600,-500,-1.25,39550,39600,39550,10800,427330000
2020-03-06,KAU19,39800,200,0.51,0,0,0,0,0
2020-03-09,KAU19,39800,0,0,39800,39800,39800,1500,59700000
2020-03-10,KAU19,39800,0,0,40100,40100,39800,6500,260200000
2020-03-11,KAU19,39800,0,0,40200,40250,39800,21600,864200000
2020-03-12,KAU19,39900,100,0.25,39900,40500,39900,39000,1569850000
2020-03-13,KAU19,40300,400,1,40300,40300,39950,12600,506870000
2020-03-16,KAU19,40450,150,0.37,40400,40450,40100,20000,806750000
2020-03-17,KAU19,40200,-250,-0.62,40500,40600,40200,25740,1041000000
2020-03-18,KAU19,40000,-200,-0.5,40500,40500,40000,32000,1288016000
2020-03-19,KAU19,40200,200,0.5,40200,40450,40200,53500,2154210650
2020-03-20,KAU19,40050,-150,-0.37,40100,40450,40050,31510,1266669400
2020-03-23,KAU19,40050,0,0,40100,40400,40050,25000,1003850000
2020-03-24,KAU19,40050,0,0,40050,40450,40050,23000,921550000
2020-03-25,KAU19,40100,50,0.12,40200,40300,40100,24500,985036000
2020-03-26,KAU19,40050,-50,-0.12,40050,40300,40050,100500,4017700000
2020-03-27,KAU19,40050,0,0,40300,40400,40050,33300,1335765000
2020-03-30,KAU19,40350,300,0.75,40200,40350,40200,6000,241531950
2020-03-31,KAU19,40500,150,0.37,40350,40500,40050,39809,1605079450
2020-04-01,KAU19,40000,-500,-1.23,40000,40000,40000,5500,220000000
2020-04-02,KAU19,40050,50,0.13,40450,40450,40050,17700,712385000
2020-04-03,KAU19,40050,0,0,0,0,0,0,0
2020-04-06,KAU19,40150,100,0.25,40500,40500,40100,10000,403849700
2020-04-07,KAU19,40250,100,0.25,40250,40300,40250,8430,339557500
2020-04-08,KAU19,40500,250,0.62,40250,40500,40250,7000,283000000
2020-04-09,KAU19,40500,0,0,40500,40500,40100,36000,1457600000
2020-04-10,KAU19,40500,0,0,40500,40500,40500,13000,526500000
2020-04-13,KAU19,40500,0,0,40500,40500,40450,57500,2328425000
2020-04-14,KAU19,40500,0,0,40500,40500,40500,54194,2194857000
2020-04-16,KAU19,40450,-50,-0.12,40500,40500,40450,33500,1356275000
2020-04-17,KAU19,40500,50,0.12,40450,40500,40450,50800,2056850000
2020-04-20,KAU19,40500,0,0,40500,40550,40500,69548,2816709000
2020-04-21,KAU19,40500,0,0,40500,40600,40500,30000,1215300000
2020-04-22,KAU19,40150,-350,-0.86,40500,40550,40100,50000,2023050000
2020-04-23,KAU19,40100,-50,-0.12,40150,40200,40100,13126,527208900
2020-04-24,KAU19,40050,-50,-0.12,40050,40100,40050,86875,3493483750
2020-04-27,KAU19,40000,-50,-0.12,40050,40050,40000,41000,1640850000
2020-04-28,KAU19,39950,-50,-0.13,40000,40000,39950,307307,12290264650
2020-04-29,KAU19,39500,-450,-1.13,39900,39900,39500,262154,10454495700
2020-05-04,KAU19,39000,-500,-1.27,39200,39200,39000,2600,101860000
2020-05-06,KAU19,38500,-500,-1.28,38500,38500,38500,5200,200200000
2020-05-07,KAU19,38300,-200,-0.52,38500,38500,38000,68000,2596170000
2020-05-08,KAU19,38150,-150,-0.39,38300,38300,38100,48933,1870743900
2020-05-11,KAU19,37000,-1150,-3.01,37950,37950,37000,23100,867290000
2020-05-12,KAU19,33950,-3050,-8.24,36500,36500,33950,75990,2653589000
2020-05-13,KAU19,30700,-3250,-9.57,33000,33000,30700,96100,3033850000
2020-05-14,KAU19,31400,700,2.28,31000,31400,31000,46500,1449900000
2020-05-15,KAU19,31500,100,0.32,31400,31500,31300,53000,1664200000
2020-05-18,KAU19,32550,1050,3.33,32000,32550,32000,58700,1904930000
2020-05-19,KAU19,33150,600,1.84,33000,33300,33000,165400,5325010000
2020-05-20,KAU19,33700,550,1.66,33200,33700,33200,53601,1795158700
2020-05-21,KAU19,35850,2150,6.38,34000,36000,34000,27500,962644000
2020-05-22,KAU19,36200,350,0.98,35600,36700,35600,40000,1437700000
2020-05-25,KAU19,36200,0,0,36000,36350,36000,70042,2536322500
2020-05-26,KAU19,36200,0,0,36200,36200,36200,59491,2153574200
2020-05-27,KAU19,34850,-1350,-3.73,36000,36000,34500,441756,15604710000
2020-05-28,KAU19,34400,-450,-1.29,34900,34900,34050,74000,2558225000
2020-05-29,KAU19,34200,-200,-0.58,34300,34300,34150,30569,1045659800
2020-06-01,KAU19,33800,-400,-1.17,34000,34000,33800,30800,1043390000
2020-06-02,KAU19,32300,-1500,-4.44,33900,33900,31700,39000,1275494200
2020-06-03,KAU19,31800,-500,-1.55,32300,32300,31650,54550,1740090000
2020-06-04,KAU19,31400,-400,-1.26,31700,31700,31400,81398,2563452200
2020-06-05,KAU19,30400,-1000,-3.18,30500,30500,30100,46550,1408480000
2020-06-08,KAU19,31100,700,2.3,30400,31100,30400,68000,2078800000
2020-06-09,KAU19,31600,500,1.61,31300,31600,31300,47000,1477905000
2020-06-10,KAU19,32000,400,1.27,31600,32000,31600,61860,1973950000
2020-06-11,KAU19,32200,200,0.63,32100,32200,32050,114611,3652143100
2020-06-12,KAU19,31800,-400,-1.24,32200,32200,31800,89964,2892325800
2020-06-15,KAU19,31900,100,0.31,31900,31900,31900,37500,1196250000
2020-06-16,KAU19,31850,-50,-0.16,32000,32000,31850,49111,1566252000
2020-06-17,KAU19,31800,-50,-0.16,31850,31850,31800,51400,1635120000
2020-06-18,KAU19,31800,0,0,31800,31800,31750,116434,3705401200
2020-06-19,KAU19,31300,-500,-1.57,31500,31600,31200,180000,5693450000
2020-06-22,KAU19,31300,0,0,31300,31300,31250,48500,1517650000
2020-06-23,KAU19,31100,-200,-0.64,31300,31300,31000,45185,1405210000
2020-06-24,KAU19,30800,-300,-0.96,30800,30800,30700,227365,7067202000
2020-06-25,KAU19,30800,0,0,30800,30800,30700,110664,3406421600
2020-06-26,KAU19,30800,0,0,31000,31000,30650,350988,10810776750
2020-06-29,KAU19,30800,0,0,30800,30800,30800,76400,2353120000
2020-06-30,KAU19,30800,0,0,30800,30800,30800,103892,3199873600
2020-07-01,KAU19,30800,0,0,30800,30800,30800,205000,6314000000
2020-07-02,KAU19,30750,-50,-0.16,30800,30800,30750,237999,7329219200
2020-07-03,KAU19,29950,-800,-2.6,29900,30200,29900,53689,1609101100
2020-07-06,KAU19,29700,-250,-0.83,29950,29950,29700,62523,1866790500
2020-07-07,KAU19,28900,-800,-2.69,29700,29700,28900,59089,1736547600
2020-07-08,KAU19,27900,-1000,-3.46,28000,28600,27900,93895,2756010000
2020-07-09,KAU19,25150,-2750,-9.86,27750,27750,25150,68624,1773336150
2020-07-10,KAU19,22650,-2500,-9.94,24500,24500,22650,107732,2476590350
2020-07-13,KAU19,20400,-2250,-9.93,22600,22600,20400,138936,2839134400
2020-07-14,KAU19,20600,200,0.98,19800,20600,19500,90745,1822212850
2020-07-15,KAU19,21800,1200,5.83,20700,22650,20700,268953,5682677550
2020-07-16,KAU19,22800,1000,4.59,21200,23000,21200,100350,2226480200
2020-07-17,KAU19,23200,400,1.75,22800,23800,22800,262244,5810477800
2020-07-20,KAU19,23200,0,0,23200,24200,23150,44018,1025542850
2020-07-21,KAU19,23000,-200,-0.86,23200,23800,23000,61000,1416700000
2020-07-22,KAU19,22800,-200,-0.87,23000,23000,22500,44898,1030202000
2020-07-23,KAU19,22800,0,0,22800,22800,22500,61999,1411327200
2020-07-24,KAU19,22500,-300,-1.32,22650,22700,22500,20176,456470200
2020-07-27,KAU19,22000,-500,-2.22,22500,22500,21500,27676,614583900
2020-07-28,KAU19,21700,-300,-1.36,21500,22250,21000,51500,1127050000
2020-07-29,KAU19,21000,-700,-3.23,21500,21500,20900,62788,1337348200
2020-07-30,KAU19,19900,-1100,-5.24,20900,20900,19900,63520,1273294000
2020-07-31,KAU19,19250,-650,-3.27,19550,19550,18500,50905,974365000
2020-08-03,KAU19,17500,-1750,-9.09,18500,18500,17500,17993,322967500
2020-08-04,KAU19,15750,-1750,-10,17000,17000,15750,61759,979391750
2020-08-05,KAU19,15000,-750,-4.76,14200,15000,14200,28360,406362000
2020-08-06,KAU19,15500,500,3.33,15000,15500,15000,7449,114226200
2020-08-07,KAU19,17050,1550,10,16300,17050,16300,62735,1029001050
2020-08-10,KAU19,17100,50,0.29,17050,17100,17050,4700,80285000
2020-08-11,KAU19,17100,0,0,17100,17100,17100,4500,76950000
2020-08-12,KAU19,17200,100,0.58,17100,17200,17100,4500,77100000
2020-08-13,KAU19,17700,500,2.91,17800,17800,17700,4500,79950000
2020-08-14,KAU19,17750,50,0.28,17500,17750,17500,7400,130765000
2020-08-18,KAU19,17800,50,0.28,17750,17800,17750,10000,177625000
2020-08-19,KAU19,19000,1200,6.74,17900,19000,17900,18200,337875000
2020-08-20,KAU19,19700,700,3.68,19500,19700,19300,9000,174500000
2020-08-21,KAU19,19850,150,0.76,19700,19850,19700,10500,207825000
2020-08-24,KAU19,21000,1150,5.79,19850,21000,19850,28500,572150000
2020-08-25,KAU19,21000,0,0,21000,21000,21000,14200,298200000
2020-08-26,KAU19,21000,0,0,21000,21000,21000,20000,420000000
2020-08-27,KAU19,21000,0,0,21000,21000,21000,42323,884871500
2020-08-28,KAU19,21000,0,0,21000,21100,21000,58582,1231722000
2020-08-31,KAU19,19950,-1050,-5,20950,21000,19950,22500,466625000
2020-09-01,KAU19,20000,50,0.25,20000,20000,20000,15050,301000000
2020-09-02,KAU19,20000,0,0,20000,20000,20000,13269,265380000
2020-09-03,KAU19,21500,1500,7.5,21500,21500,21500,1507,32400500
2020-09-04,KAU19,21000,-500,-2.33,22000,23000,21000,24500,541378000
2020-09-07,KAU19,21000,0,0,0,0,0,100680,2114280000
2020-09-08,KAU20,21300,100,0.47,21200,21300,21200,335000,7029000000
2020-09-09,KAU20,21350,50,0.23,21250,21350,21250,8100,172415000
2020-09-10,KAU20,21350,0,0,21400,21400,21200,6600,140710000
2020-09-11,KAU20,21350,0,0,21350,21350,21350,20650,440877500
2020-09-14,KAU20,21300,-50,-0.23,21350,21350,21300,29000,619050000
2020-09-15,KAU20,21300,0,0,21300,21350,21300,46736,995726800
2020-09-16,KAU20,21400,100,0.47,21300,21400,21300,20500,437775000
2020-09-17,KAU20,21500,100,0.47,21400,21500,21400,32764,702605600
2020-09-18,KAU20,21700,200,0.93,21500,21700,21500,15500,334575000
2020-09-21,KAU20,21600,-100,-0.46,21700,21700,21600,11000,238400000
2020-09-22,KAU20,21850,250,1.16,21600,21850,21600,19979,433791150
2020-09-23,KAU20,22500,650,2.97,22000,22500,22000,33000,732900000
2020-09-24,KAU20,22550,50,0.22,23000,23000,22500,45000,1020506000
2020-09-25,KAU20,22600,50,0.22,22600,22700,22600,22500,509000000
2020-09-28,KAU20,22750,150,0.66,22650,22750,22650,33000,748550000
2020-09-29,KAU20,22300,-450,-1.98,22700,22750,22300,33023,748555750
2020-10-05,KAU20,22200,-100,-0.45,22300,22300,22200,4500,100200000
2020-10-06,KAU20,22550,350,1.58,22300,22550,22300,7000,156750000
2020-10-07,KAU20,22800,250,1.11,22600,22800,22600,10500,238400000
2020-10-08,KAU20,23000,200,0.88,22900,23000,22900,5000,114550000
2020-10-12,KAU20,23150,150,0.65,23000,23150,23000,7000,161500000
2020-10-13,KAU20,23400,250,1.08,23200,23400,23200,7000,162900000
2020-10-14,KAU20,23700,300,1.28,23650,23700,23650,17000,402200000
2020-10-15,KAU20,23550,-150,-0.63,23000,23800,23000,35500,825375000
2020-10-16,KAU20,24100,550,2.34,24000,24300,24000,55000,1322400000
2020-10-19,KAU20,24500,400,1.66,24500,24500,24100,93500,2262625000
2020-10-20,KAU20,25000,500,2.04,24500,25000,24500,19000,470600000
2020-10-21,KAU20,25000,0,0,25000,25100,25000,14500,362800000
2020-10-22,KAU20,24500,-500,-2,25000,25000,24500,18000,448300000
2020-10-23,KAU20,24800,300,1.22,25000,25000,24800,35000,873400000
2020-10-26,KAU20,24900,100,0.4,24850,24900,24800,117200,2888080000
2020-10-27,KAU20,24800,-100,-0.4,25100,25100,24800,64004,1592125400
2020-10-28,KAU20,24300,-500,-2.02,25000,25000,24300,30500,750500000
2020-10-29,KAU20,24000,-300,-1.23,24000,24000,24000,48000,1152000000
2020-10-30,KAU20,24050,50,0.21,24100,24500,24050,49728,1203742600
2020-11-02,KAU20,21850,-2200,-9.15,21850,21850,21850,1500,32775000
2020-11-03,KAU20,22500,650,2.97,21850,22500,21850,9500,210275000
2020-11-04,KAU20,22500,0,0,22500,22500,22500,1500,33750000
2020-11-05,KAU20,22300,-200,-0.89,22300,22300,22150,46500,1032350000
2020-11-06,KAU20,22250,-50,-0.22,0,0,0,0,0
2020-11-09,KAU20,22200,-50,-0.22,22050,22200,22050,35469,783711800
2020-11-10,KAU20,22200,0,0,22200,22300,22200,60006,1333158200
2020-11-11,KAU20,22200,0,0,22200,22200,22150,37500,831500000
2020-11-12,KAU20,22200,0,0,22200,22200,21650,32000,705950000
2020-11-13,KAU20,22200,0,0,22200,22200,22200,14000,310800000
2020-11-16,KAU20,22150,-50,-0.23,22150,22150,22150,2000,44300000
2020-11-17,KAU20,22200,50,0.23,22200,22200,22200,23000,510600000
2020-11-18,KAU20,22250,50,0.23,22200,22250,22150,22500,499375000
2020-11-19,KAU20,22300,50,0.22,22300,22300,22300,24000,535200000
2020-11-20,KAU20,22350,50,0.22,22300,22400,22300,15500,346200000
2020-11-23,KAU20,22350,0,0,22350,22350,22350,27000,603450000
2020-11-24,KAU20,22400,50,0.22,22350,22400,22350,35000,783850000
2020-11-25,KAU20,22500,100,0.45,22350,22500,22350,36400,814565000
2020-11-26,KAU20,22500,0,0,22400,22500,22400,11500,258100000
2020-11-27,KAU20,22600,100,0.44,22500,22600,22500,25500,574800000
2020-11-30,KAU20,22700,100,0.44,22700,23000,22700,216500,4824952400
2020-12-01,KAU20,22700,0,0,22700,22700,22700,3824,86804800
2020-12-02,KAU20,22700,0,0,22700,22700,22700,6000,136200000
2020-12-03,KAU20,22700,0,0,22700,22700,22700,14176,321795200
2020-12-04,KAU20,22900,200,0.88,22700,22900,22700,18500,421225000
2020-12-07,KAU20,22900,0,0,22900,22900,22900,13300,304570000
2020-12-08,KAU20,23100,200,0.87,22950,23100,22950,15200,349650000
2020-12-09,KAU20,23400,300,1.3,23100,23400,23100,10500,243550000
2020-12-10,KAU20,23400,0,0,23400,23400,23400,7500,175500000
2020-12-11,KAU20,24000,600,2.56,23600,24300,23600,15000,359950000
2020-12-14,KAU20,25000,1000,4.17,24600,25000,24600,4500,111100000
2020-12-15,KAU20,27500,2500,10,26000,27500,26000,37800,1015500000
2020-12-16,KAU20,28000,500,1.82,25750,30000,25750,11278,322034000
2020-12-17,KAU20,30500,2500,8.93,28000,30500,28000,17612,518366000
2020-12-18,KAU20,30500,0,0,30500,31000,30500,6935,213585000
2020-12-21,KAU20,27450,-3050,-10,28000,29500,27450,16700,464545000
2020-12-22,KAU20,28000,550,2,27450,28000,27450,1600,43975000
2020-12-23,KAU20,27500,-500,-1.79,27500,27500,27500,5600,154000000
2020-12-24,KAU20,27500,0,0,26000,27500,26000,15600,420500000
2020-12-28,KAU20,27000,-500,-1.82,27500,27500,27000,228980,5846835000
2020-12-29,KAU20,24500,-2500,-9.26,24500,25000,24300,166060,4205960000
2020-12-30,KAU20,23000,-1500,-6.12,24000,25000,23000,22808,548687800
2021-01-04,KAU20,23000,0,0,23000,23000,23000,12000,276000000
2021-01-05,KAU20,23000,0,0,23000,23000,23000,2000,46000000
2021-01-06,KAU20,22500,-500,-2.17,22500,23000,22500,8800,199150000
2021-01-07,KAU20,21000,-1500,-6.67,21500,21500,21000,7724,165504000
2021-01-08,KAU20,19800,-1200,-5.71,20900,20900,19800,27500,570200000
2021-01-11,KAU20,19500,-300,-1.52,18900,19500,18900,9500,184350000
2021-01-12,KAU20,18900,-600,-3.08,19000,19000,18900,26844,509251600
2021-01-13,KAU20,17100,-1800,-9.52,18000,18000,17050,88502,1522417350
2021-01-14,KAU20,16000,-1100,-6.43,17100,17100,15600,44100,725460000
2021-01-15,KAU20,16600,600,3.75,15500,16600,15500,13200,205420000
2021-01-18,KAU20,18000,1400,8.43,16100,18000,16100,19200,333500000
2021-01-19,KAU20,18100,100,0.56,18000,18100,18000,23154,417787400
2021-01-20,KAU20,19000,900,4.97,18200,19000,18200,23500,435460000
2021-01-21,KAU20,20900,1900,10,19000,20900,19000,34746,671897600
2021-01-22,KAU20,21000,100,0.48,21500,22950,20900,17480,379261000
2021-01-25,KAU20,21800,800,3.81,21000,21800,21000,10705,230459000
2021-01-26,KAU20,20800,-1000,-4.59,21000,21100,20800,32366,677708400
2021-01-27,KAU20,20000,-800,-3.85,20300,20500,20000,46200,930650000
2021-01-28,KAU20,20100,100,0.5,20000,20100,20000,41985,840188500
2021-01-29,KAU20,19400,-700,-3.48,19500,19500,19100,11000,213792800
2021-02-01,KAU20,19000,-400,-2.06,18900,19000,18900,2700,51150000
2021-02-02,KAU20,18900,-100,-0.53,18600,19300,18600,18700,353680000
2021-02-03,KAU20,19000,100,0.53,18900,19000,18800,17000,321100000
2021-02-04,KAU20,19100,100,0.53,19000,19150,19000,41500,790300000
2021-02-05,KAU20,19000,-100,-0.52,19000,19100,19000,23700,450320000
2021-02-08,KAU20,19100,100,0.53,19300,19900,19100,17038,331233400
2021-02-09,KAU20,19000,-100,-0.52,19000,19100,19000,25462,484778000
2021-02-10,KAU20,19100,100,0.53,19000,19100,19000,2500,47550000
2021-02-15,KAU20,19100,0,0,19100,19100,19000,48565,926091500
2021-02-16,KAU20,19000,-100,-0.52,19100,19100,19000,32700,623000000
2021-02-17,KAU20,19000,0,0,19000,19100,19000,20500,390300000
2021-02-18,KAU20,18900,-100,-0.53,19000,19000,18900,26500,503350000
2021-02-19,KAU20,19000,100,0.53,19000,19000,18950,18500,351425000
2021-02-22,KAU20,19000,0,0,19000,19000,18950,6700,127225000
2021-02-23,KAU20,19000,0,0,19000,19000,19000,17462,331778000
2021-02-24,KAU20,19000,0,0,19000,19050,19000,33826,642946300
2021-02-25,KAU20,18950,-50,-0.26,19000,19000,18950,36729,696464550
2021-02-26,KAU20,18950,0,0,18950,18950,18900,30271,572696900
2021-03-02,KAU20,18000,-950,-5.01,18800,18800,18000,3000,54900000
2021-03-03,KAU20,18400,400,2.22,18500,18500,18300,10700,197430000
2021-03-04,KAU20,18400,0,0,18200,18450,18200,14100,259890000
2021-03-05,KAU20,18900,500,2.72,18500,18900,18500,20285,379536500
2021-03-08,KAU20,18900,0,0,18900,18900,18850,13600,256965000
2021-03-09,KAU20,18900,0,0,18900,18900,18850,28200,532850000
2021-03-10,KAU20,18900,0,0,18900,18950,18900,32500,614976550
2021-03-11,KAU20,18900,0,0,18900,18900,18850,24731,466965900
2021-03-12,KAU20,18500,-400,-2.12,18800,18800,18500,36900,688160000
2021-03-15,KAU20,18000,-500,-2.7,18500,18500,18000,45682,840779900
2021-03-16,KAU20,17800,-200,-1.11,17900,18000,17800,54669,977625100
2021-03-17,KAU20,18000,200,1.12,17500,18000,17500,26121,468202500
2021-03-18,KAU20,18400,400,2.22,17900,18500,17900,4751,86003500
2021-03-19,KAU20,18300,-100,-0.54,18400,18450,18100,35001,641448250
2021-03-22,KAU20,18500,200,1.09,18500,18600,18400,34103,630860550
2021-03-23,KAU20,18700,200,1.08,18400,18950,18400,68088,1264501500
2021-03-24,KAU20,18900,200,1.07,18750,19100,18700,57288,1085462000
2021-03-25,KAU20,18900,0,0,18900,18900,18800,49500,934075000
2021-03-26,KAU20,18950,50,0.26,18900,18950,18800,70501,1331213850
2021-03-29,KAU20,18900,-50,-0.26,18950,18950,18900,80800,1530210000
2021-03-30,KAU20,18350,-550,-2.91,18650,18650,18350,52500,970760000
2021-03-31,KAU20,18100,-250,-1.36,18500,18500,17900,29825,541193500
2021-04-01,KAU20,18000,-100,-0.55,18000,18700,18000,13200,244600000
2021-04-02,KAU20,17500,-500,-2.78,17500,17900,17000,77200,1338185000
2021-04-05,KAU20,16750,-750,-4.29,17400,17400,16700,101700,1724120000
2021-04-06,KAU20,15400,-1350,-8.06,15950,15950,15200,149927,2342455500
2021-04-07,KAU20,16300,900,5.84,16500,16500,16000,63920,1042360000
2021-04-08,KAU20,15800,-500,-3.07,16400,16400,15700,103100,1659050500
2021-04-09,KAU20,15000,-800,-5.06,14950,15200,14850,89000,1330330000
2021-04-12,KAU20,14300,-700,-4.67,14600,14600,13900,134040,1907520300
2021-04-13,KAU20,14550,250,1.75,14300,14800,14300,74700,1079683500
2021-04-14,KAU20,14550,0,0,14550,14600,14550,92291,1343434050
2021-04-15,KAU20,15000,450,3.09,14500,15000,14500,46746,685765700
2021-04-16,KAU20,15500,500,3.33,15000,15500,15000,128038,1936139500
2021-04-19,KAU20,15700,200,1.29,15500,16000,15500,67968,1063373000
2021-04-20,KAU20,16000,300,1.91,15900,16100,15700,67324,1073566500
2021-04-21,KAU20,16700,700,4.38,16300,16700,16300,53352,886870800
2021-04-22,KAU20,17050,350,2.1,16850,17100,16850,23684,403365900
2021-04-23,KAU20,17750,700,4.11,17300,17750,17300,48523,852665100
2021-04-26,KAU20,18800,1050,5.92,17900,19000,17900,82435,1539763900
2021-04-27,KAU20,19900,1100,5.85,19100,20000,19100,77003,1510655000
2021-04-28,KAU20,19100,-800,-4.02,19900,19900,19100,59919,1161082000
2021-04-29,KAU20,18300,-800,-4.19,18100,18300,18100,78308,1470704800
2021-04-30,KAU20,18300,0,0,18100,18700,18100,35542,654415400
2021-05-03,KAU20,17000,-1300,-7.1,17100,17500,17000,16500,295350000
2021-05-04,KAU20,17050,50,0.29,17400,17400,17050,69500,1182450000
2021-05-06,KAU20,18300,1250,7.33,17100,18300,17100,87213,1535507900
2021-05-07,KAU20,18300,0,0,18100,18300,18100,50000,914700000
2021-05-10,KAU20,18000,-300,-1.64,17900,18200,17900,25059,453450500
2021-05-11,KAU20,17950,-50,-0.28,18000,18000,17900,52720,948264000
2021-05-12,KAU20,17900,-50,-0.28,17950,17950,17900,59500,1067925000
2021-05-13,KAU20,18000,100,0.56,17900,18000,17850,57007,1021722500
2021-05-14,KAU20,18000,0,0,18000,18000,18000,55500,999000000
2021-05-17,KAU20,17950,-50,-0.28,18000,18000,17950,50434,906280300
2021-05-18,KAU20,17850,-100,-0.56,17950,17950,17850,50800,908770000
2021-05-20,KAU20,17800,-50,-0.28,17850,17950,17800,102470,1827977300
2021-05-21,KAU20,17700,-100,-0.56,17800,17800,17700,33980,603063500
2021-05-24,KAU20,17000,-700,-3.95,17600,17600,16950,91645,1583375250
2021-05-25,KAU20,17000,0,0,16950,17050,16950,106163,1804571000
2021-05-26,KAU20,17000,0,0,16950,17000,16900,72068,1220707700
2021-05-27,KAU20,17050,50,0.29,16900,17050,16900,176447,2998437250
2021-05-28,KAU20,16950,-100,-0.59,17000,17050,16950,75068,1275671900
2021-05-31,KAU20,17050,100,0.59,17000,17050,16950,100056,1701419300
2021-06-01,KAU20,15350,-1700,-9.97,17000,17000,15350,181527,2897503800
2021-06-02,KAU20,13850,-1500,-9.77,15250,15250,13850,286458,4241493900
2021-06-03,KAU20,13550,-300,-2.17,12600,13550,12600,378617,4894561600
2021-06-04,KAU20,14100,550,4.06,13050,14100,13050,193598,2621039750
2021-06-07,KAU20,14100,0,0,13500,14300,13500,230985,3238849700
2021-06-08,KAU20,14150,50,0.35,14100,14150,13950,324272,4543679750
2021-06-09,KAU20,15100,950,6.71,14700,15100,14400,305061,4508674550
2021-06-10,KAU20,15500,400,2.65,15100,15900,15100,193786,3033849200
2021-06-11,KAU20,15650,150,0.97,14100,15700,14100,114315,1775397700
2021-06-14,KAU20,15550,-100,-0.64,14500,16200,14500,36772,583221200
2021-06-15,KAU20,15450,-100,-0.64,15800,15900,15400,293837,4585846100
2021-06-16,KAU20,14400,-1050,-6.8,16000,16000,14400,183732,2789468050
2021-06-17,KAU20,13000,-1400,-9.72,14000,14000,13000,240464,3163760200
2021-06-18,KAU20,11950,-1050,-8.08,13700,13700,11700,170823,2084739900
2021-06-21,KAU20,10800,-1150,-9.62,11850,11850,10800,224027,2413898830
2021-06-22,KAU20,10500,-300,-2.78,10000,10500,9750,187709,1919990320
2021-06-23,KAU20,11550,1050,10,11000,11550,11000,103023,1185009250
2021-06-24,KAU20,12700,1150,9.96,11550,12700,11550,148672,1857386450
2021-06-25,KAU20,13700,1000,7.87,12700,13700,12700,147953,1967526500
2021-06-28,KAU20,15050,1350,9.85,15000,15050,13700,269929,4019258550
2021-06-29,KAU20,14700,-350,-2.33,16400,16400,13900,168038,2440401750
2021-06-30,KAU20,15800,1100,7.48,14500,15800,13250,85975,1187898300
2021-07-01,KAU20,16000,200,1.27,15500,16000,15250,9521,148754700
2021-07-02,KAU20,16100,100,0.63,15800,16100,15700,29474,469884000
2021-07-05,KAU20,16100,0,0,16200,16200,16000,8000,128700000
2021-07-06,KAU20,16500,400,2.48,16200,16700,16200,12700,207945000
2021-07-07,KAU20,17300,800,4.85,16500,17300,16500,10530,177949000
2021-07-08,KAU20,17800,500,2.89,17200,18000,17200,37100,659660000
2021-07-09,KAU20,19050,1250,7.02,17800,19050,17800,8303,154373400
2021-07-12,KAU20,20000,950,4.99,20450,20450,20000,4542,91363400
2021-07-13,KAU20,20700,700,3.5,20300,20700,20300,7200,148050000
2021-07-14,KAU20,21200,500,2.42,20700,21800,20700,46957,1005006900
2021-07-15,KAU20,21300,100,0.47,21700,21700,21300,4000,85950000
2021-07-16,KAU20,21400,100,0.47,21500,21500,21300,3200,68440000
2021-07-19,KAU20,21500,100,0.47,21500,21500,21400,3300,70847500
2021-07-20,KAU20,21400,-100,-0.47,21400,21500,21350,14450,309247500
2021-07-21,KAU20,21400,0,0,21100,21400,20600,14200,296630000
2021-07-22,KAU20,21000,-400,-1.87,21200,21200,21000,15000,315250000
2021-07-23,KAU20,21100,100,0.48,21000,21100,21000,7200,151220000
2021-07-26,KAU20,21000,-100,-0.47,20700,21000,20700,3000,62550000
2021-07-27,KAU20,21100,100,0.48,20900,21100,20900,4500,94450000
2021-07-28,KAU20,21200,100,0.47,21000,21200,20900,5447,114537000
2021-07-29,KAU20,21100,-100,-0.47,20700,21100,20700,6052,127526400
2021-07-30,KAU20,21900,800,3.79,21200,21900,21100,19086,410644000
2021-08-02,KAU20,22100,200,0.91,21000,22100,21000,47741,1008386100
2021-08-03,KAU20,22500,400,1.81,22400,22700,22400,8158,183774700
2021-08-04,KAU20,22100,-400,-1.78,23000,23450,22100,32311,749349400
2021-08-05,KAU20,22400,300,1.36,23300,24000,22400,52577,1233108000
2021-08-06,KAU20,22500,100,0.45,22800,22800,22400,37589,844023500
2021-08-09,KAU20,22500,0,0,20500,22500,20500,226969,5014088000
2021-08-10,KAU21,24000,1850,8.35,23500,24000,23500,8325,197227500
2021-08-11,KAU21,26400,2400,10,24000,26400,24000,13350,342810000
2021-08-12,KAU21,26000,-400,-1.52,26400,26400,26000,4000,105240000
2021-08-13,KAU21,26000,0,0,26700,27000,26000,11400,300840000
2021-08-17,KAU21,26000,0,0,26500,26500,26000,4900,128840000
2021-08-18,KAU21,25600,-400,-1.54,25500,25800,25500,2810,71846000
2021-08-19,KAU21,27000,1400,5.47,25500,27000,25500,5300,139520000
2021-08-20,KAU21,26100,-900,-3.33,25500,27000,25500,6500,171730000
2021-08-23,KAU21,27000,900,3.45,26100,27100,26100,9950,266790000
2021-08-24,KAU21,29400,2400,8.89,27300,29700,27300,30500,892545000
2021-08-25,KAU21,29500,100,0.34,29500,30000,29500,10100,300450000
2021-08-26,KAU21,28300,-1200,-4.07,29500,29500,28000,1900,53520000
2021-08-27,KAU21,28200,-100,-0.35,28300,28500,28200,2310,65455000
2021-08-30,KAU21,28400,200,0.71,28200,28400,28100,3925,110882500
2021-08-31,KAU21,28000,-400,-1.41,28400,28400,28000,5400,151440000
2021-09-01,KAU21,27700,-300,-1.07,28000,28000,27700,1750,48505000
2021-09-02,KAU21,28000,300,1.08,27700,28000,27600,8100,226120000
2021-09-03,KAU21,28000,0,0,28500,28600,28000,5100,145550000
2021-09-06,KAU21,28000,0,0,28000,28600,28000,7450,211704000
2021-09-07,KAU21,28500,500,1.79,28500,29000,28500,4000,114900000
2021-09-08,KAU21,29000,500,1.75,29000,29000,29000,1500,43500000
2021-09-09,KAU21,30000,1000,3.45,29500,30600,29500,24800,751590000
2021-09-10,KAU21,28500,-1500,-5,29300,29300,28500,7791,224864000
2021-09-13,KAU21,28200,-300,-1.05,28400,28500,28200,7200,203880000
2021-09-14,KAU21,28200,0,0,28200,28300,28100,2900,81850000
2021-09-15,KAU21,28500,300,1.06,28200,28500,28200,10800,306287500
2021-09-16,KAU21,28500,0,0,28500,28500,28450,4750,135370000
2021-09-17,KAU21,28400,-100,-0.35,28500,28500,28400,8000,227720000
2021-09-23,KAU21,29000,600,2.11,28900,29000,28700,3500,101175900
2021-09-24,KAU21,29200,200,0.69,29000,29200,29000,5326,155219200
2021-09-27,KAU21,29100,-100,-0.34,29000,29300,29000,5000,145900000
2021-09-28,KAU21,29750,650,2.23,29500,29750,29500,10000,295725000
2021-09-29,KAU21,29750,0,0,30000,30100,29750,4627,138728250
2021-09-30,KAU21,30500,750,2.52,30000,30500,29950,7500,226800000
2021-10-01,KAU21,31000,500,1.64,30500,31000,30500,7500,230075000
2021-10-05,KAU21,31000,0,0,31450,31500,31000,4000,125785000
2021-10-06,KAU21,30000,-1000,-3.23,31000,31000,30000,6250,188400000
2021-10-07,KAU21,29600,-400,-1.33,29500,29700,29500,2978,87986600
2021-10-08,KAU21,30100,500,1.69,29600,30200,29600,10272,307607600
2021-10-12,KAU21,30100,0,0,30100,30400,30100,13500,407170000
2021-10-13,KAU21,29600,-500,-1.66,30100,30100,29500,10590,316674000
2021-10-14,KAU21,30100,500,1.69,29650,30200,29650,13000,389325000
2021-10-15,KAU21,30200,100,0.33,30100,30200,30000,10500,315975000
2021-10-18,KAU21,30400,200,0.66,30200,30400,30000,24600,744455000
2021-10-19,KAU21,30650,250,0.82,30400,30700,30400,21000,642170000
2021-10-20,KAU21,30600,-50,-0.16,30600,30650,30550,17106,524048900
2021-10-21,KAU21,30900,300,0.98,30650,30900,30650,12000,369400000
2021-10-22,KAU21,30450,-450,-1.46,30900,30900,30400,15400,471140000
2021-10-25,KAU21,30100,-350,-1.15,30500,30500,30100,24600,749350000
2021-10-26,KAU21,30300,200,0.66,30050,30450,30050,22610,683506000
2021-10-27,KAU21,30200,-100,-0.33,30300,30300,30000,19776,596335200
2021-10-28,KAU21,29950,-250,-0.83,30200,30200,29950,26250,787535000
2021-10-29,KAU21,30400,450,1.5,30400,30800,30300,15804,481361200
2021-11-01,KAU21,30600,200,0.66,30800,30950,30600,11000,339225000
2021-11-02,KAU21,30800,200,0.65,30700,31100,30700,12500,385100000
2021-11-03,KAU21,30900,100,0.32,30800,31200,30800,12834,397137200
2021-11-04,KAU21,31000,100,0.32,31000,31200,30900,43500,1351100000
2021-11-05,KAU21,31200,200,0.65,31500,31700,31200,55748,1756312000
2021-11-08,KAU21,31500,300,0.96,31300,31600,31300,33500,1053650000
2021-11-09,KAU21,31900,400,1.27,31800,31900,31700,26500,841800000
2021-11-10,KAU21,32100,200,0.63,31900,32100,31900,28500,912850000
2021-11-11,KAU21,32700,600,1.87,32500,32700,32500,39000,1272600000
2021-11-12,KAU21,33100,400,1.22,33000,33500,32800,23100,767910000
2021-11-15,KAU21,34100,1000,3.02,33500,34200,33500,37500,1274020000
2021-11-16,KAU21,33600,-500,-1.47,34100,34100,33600,11665,393801500
2021-11-17,KAU21,33000,-600,-1.79,33400,33400,33000,19760,657702000
2021-11-18,KAU21,31900,-1100,-3.33,32700,32700,31900,1800,58400000
2021-11-19,KAU21,30000,-1900,-5.96,32100,32100,30000,3066,95926400
2021-11-22,KAU21,30100,100,0.33,29800,30200,29800,18500,553850000
2021-11-23,KAU21,30000,-100,-0.33,30000,30100,30000,7200,216053700
2021-11-24,KAU21,32000,2000,6.67,30500,32000,30500,13265,416681000
2021-11-25,KAU21,33200,1200,3.75,32500,33700,32500,82900,2762725000
2021-11-26,KAU21,33400,200,0.6,33400,33600,33400,143000,4793900000
2021-11-29,KAU21,33550,150,0.45,33400,33700,33400,112000,3762250000
2021-11-30,KAU21,33600,50,0.15,33600,33800,33300,68880,2320671000
2021-12-01,KAU21,32400,-1200,-3.57,30500,33000,30500,16900,536160000
2021-12-02,KAU21,32400,0,0,32400,32400,32400,13000,421200000
2021-12-03,KAU21,32400,0,0,32400,32400,32300,14000,453550000
2021-12-06,KAU21,32200,-200,-0.62,32300,32300,32200,11000,355250000
2021-12-07,KAU21,32500,300,0.93,32200,32500,32200,107800,3487575000
2021-12-08,KAU21,33300,800,2.46,32700,33300,32650,18500,609800000
2021-12-09,KAU21,34100,800,2.4,33900,34400,33900,31189,1061107100
2021-12-10,KAU21,34900,800,2.35,34500,34900,34500,24000,834450000
2021-12-13,KAU21,34900,0,0,34800,34900,34700,22500,783850000
2021-12-14,KAU21,34900,0,0,34900,34900,34800,6426,224167400
2021-12-15,KAU21,35000,100,0.29,34900,35000,34800,12000,419450100
2021-12-16,KAU21,34000,-1000,-2.86,34900,35100,34000,182500,6320460000
2021-12-17,KAU21,35000,1000,2.94,35000,35100,34900,109700,3839910000
2021-12-20,KAU21,35250,250,0.71,36000,36000,35000,54600,1946550000
2021-12-21,KAU21,35350,100,0.28,35250,35350,35250,19650,693602500
2021-12-22,KAU21,35100,-250,-0.71,35000,35200,35000,7000,245600000
2021-12-23,KAU21,35100,0,0,35100,35300,35100,53548,1887547200
2021-12-24,KAU21,35000,-100,-0.28,35100,35150,34900,122300,4286465000
2021-12-27,KAU21,34900,-100,-0.29,34950,35000,34900,178200,6229615000
2021-12-28,KAU21,35000,100,0.29,35000,35100,35000,167963,5882205000
2021-12-29,KAU21,35050,50,0.14,35100,35100,35000,103408,3624792600
2021-12-30,KAU21,35100,50,0.14,35100,35150,35050,48348,1697057400
2022-01-03,KAU21,35100,0,0,35100,35100,35100,4200,147420000
2022-01-04,KAU21,35100,0,0,35100,35200,35100,4800,168580000
2022-01-05,KAU21,35050,-50,-0.14,35250,35300,35050,8000,281875000
2022-01-06,KAU21,35300,250,0.71,35300,35350,35300,11000,388425000
2022-01-07,KAU21,35400,100,0.28,35350,35400,35300,11500,406175000
2022-01-10,KAU21,35300,-100,-0.28,35400,35450,35300,14800,523795000
2022-01-11,KAU21,35400,100,0.28,35400,35500,35400,14700,520905000
2022-01-12,KAU21,35400,0,0,35400,35600,35400,12550,444395000
2022-01-13,KAU21,35400,0,0,35450,35450,35350,20250,717010000
2022-01-14,KAU21,35350,-50,-0.14,35400,35400,35350,7500,265175000
2022-01-17,KAU21,35250,-100,-0.28,35350,35400,35250,10300,363750000
2022-01-18,KAU21,35200,-50,-0.14,35250,35250,35200,5000,176075000
2022-01-19,KAU21,35000,-200,-0.57,35200,35200,35000,8000,280825000
2022-01-20,KAU21,35100,100,0.29,35200,35200,35100,14000,492000000
2022-01-21,KAU21,35000,-100,-0.28,35000,35050,35000,40300,1410875000
2022-01-24,KAU21,34950,-50,-0.14,35000,35000,34950,21000,734000000
2022-01-25,KAU21,34950,0,0,34950,34950,34900,13048,455775200
2022-01-26,KAU21,35000,50,0.14,35000,35000,34950,28500,996150000
2022-01-27,KAU21,34850,-150,-0.43,34900,34900,34850,36900,1287710000
2022-01-28,KAU21,34950,100,0.29,34900,34950,34900,19242,671686900
2022-02-03,KAU21,34950,0,0,35150,35150,34950,9200,322090000
2022-02-04,KAU21,34900,-50,-0.14,34950,34950,34900,7600,265365000
2022-02-07,KAU21,34800,-100,-0.29,34850,34850,34750,9180,319439000
2022-02-08,KAU21,34650,-150,-0.43,34750,34750,34600,40500,1404450000
2022-02-09,KAU21,34300,-350,-1.01,34650,34650,34300,24200,834830000
2022-02-10,KAU21,33600,-700,-2.04,34100,34100,33600,26300,888340000
2022-02-11,KAU21,33600,0,0,33700,33700,33600,19500,655970000
2022-02-14,KAU21,33300,-300,-0.89,33400,33400,33300,13900,463120000
2022-02-15,KAU21,31800,-1500,-4.5,33000,33000,31800,46700,1515220000
2022-02-16,KAU21,30500,-1300,-4.09,31300,31300,30500,24373,753261500
2022-02-17,KAU21,30000,-500,-1.64,30000,30000,28500,36300,1070365000
2022-02-18,KAU21,29900,-100,-0.33,30450,30450,29500,37900,1138150000
2022-02-21,KAU21,30000,100,0.33,28500,30000,28500,27848,822466000
2022-02-22,KAU21,30000,0,0,30000,30000,29700,33900,1013920000
2022-02-23,KAU21,29950,-50,-0.17,29900,30000,29800,64400,1927830000
2022-02-24,KAU21,30000,50,0.17,29950,30000,29900,41900,1254930000
2022-02-25,KAU21,30100,100,0.33,29950,30100,29900,23400,701980000
2022-02-28,KAU21,30200,100,0.33,29850,30200,29850,19851,595854900
2022-03-02,KAU21,30100,-100,-0.33,30200,30200,30100,4510,135951000
2022-03-03,KAU21,29800,-300,-1,30000,30000,29800,9200,274890000
2022-03-04,KAU21,29700,-100,-0.34,29900,29900,29500,27700,824065000
2022-03-07,KAU21,28800,-900,-3.03,29700,29700,28500,16300,471910000
2022-03-08,KAU21,27900,-900,-3.13,28700,28700,27500,77980,2177664000
2022-03-10,KAU21,26800,-1100,-3.94,27300,27300,26600,17500,472120000
2022-03-11,KAU21,26400,-400,-1.49,26500,26500,25800,42150,1098470000
2022-03-14,KAU21,26200,-200,-0.76,26400,26400,26000,46100,1203415000
2022-03-15,KAU21,25700,-500,-1.91,25900,25900,24800,29350,744759200
2022-03-16,KAU21,24850,-850,-3.31,25550,25550,24500,42890,1065922000
2022-03-17,KAU21,23700,-1150,-4.63,24000,24000,23500,22100,525300000
2022-03-18,KAU21,21350,-2350,-9.92,23000,23000,21350,46002,998843400
2022-03-21,KAU21,19250,-2100,-9.84,19350,19350,19250,83871,1614706750
2022-03-22,KAU21,20400,1150,5.97,19250,21150,17550,150114,2846673400
2022-03-23,KAU21,20800,400,1.96,20300,20800,20300,48001,981220800
2022-03-24,KAU21,22700,1900,9.13,21000,22800,21000,50001,1106496800
2022-03-25,KAU21,23250,550,2.42,22800,23700,22800,50100,1170340000
2022-03-28,KAU21,23400,150,0.65,24000,24100,23250,23170,548932500
2022-03-29,KAU21,23500,100,0.43,23400,23500,23300,58162,1364693900
2022-03-30,KAU21,23400,-100,-0.43,23500,23500,22900,56913,1329629600
2022-03-31,KAU21,23000,-400,-1.71,22500,23000,22300,53789,1223873000
2022-04-01,KAU21,22800,-200,-0.87,22700,22900,22700,13521,303697300
2022-04-04,KAU21,21400,-1400,-6.14,22000,22500,21400,84702,1867652500
2022-04-05,KAU21,21000,-400,-1.87,21000,21000,20400,80771,1665617600
2022-04-06,KAU21,21000,0,0,20950,21050,20950,34249,718076550
2022-04-07,KAU21,21100,100,0.48,20950,21150,20950,26224,550787600
2022-04-08,KAU21,20900,-200,-0.95,21200,21200,20800,76975,1609832500
2022-04-11,KAU21,21000,100,0.48,20700,21000,20700,74259,1555458100
2022-04-12,KAU21,21200,200,0.95,21500,21500,21000,54439,1157785400
2022-04-13,KAU21,21000,-200,-0.94,21150,21150,21000,23840,502640000
2022-04-14,KAU21,21000,0,0,20800,21000,20800,112359,2301402500
2022-04-15,KAU21,20950,-50,-0.24,20500,21000,20500,39402,818459450
2022-04-18,KAU21,21000,50,0.24,20950,21000,20950,48950,1027055000
2022-04-19,KAU21,21050,50,0.24,21050,21050,20950,49010,1028955500
2022-04-20,KAU21,20800,-250,-1.19,20900,20950,20500,39400,818401700
2022-04-21,KAU21,20600,-200,-0.96,20750,20800,20500,57070,1178617650
2022-04-22,KAU21,20900,300,1.46,20600,21000,20600,48461,1007683100
2022-04-25,KAU21,20900,0,0,20800,20900,20800,28394,592759600
2022-04-26,KAU21,20450,-450,-2.15,20500,20500,20350,47276,966437900
2022-04-27,KAU21,20000,-450,-2.2,20200,20200,19800,71466,1429455000
2022-04-28,KAU21,20200,200,1,20000,20200,20000,135945,2724230000
2022-04-29,KAU21,20550,350,1.73,20000,20550,20000,75404,1533300950
2022-05-02,KAU21,20450,-100,-0.49,20500,20500,20400,4350,88912550
2022-05-03,KAU21,20450,0,0,20300,20500,20250,95443,1941755550
2022-05-04,KAU21,20000,-450,-2.2,20000,20100,19500,61740,1233585000
2022-05-06,KAU21,20600,600,3,20000,20600,20000,32100,652431500
2022-05-09,KAU21,20500,-100,-0.49,20700,20700,20450,50313,1033766500
2022-05-10,KAU21,20400,-100,-0.49,20400,20400,20300,128081,2620936800
2022-05-11,KAU21,20400,0,0,20350,20400,20350,22800,464001650
2022-05-12,KAU21,20300,-100,-0.49,20200,20400,20200,39253,798945700
2022-05-13,KAU21,20000,-300,-1.48,20000,20000,19800,47889,955155000
2022-05-16,KAU21,20000,0,0,20000,20000,19900,78801,1574210000
2022-05-17,KAU21,21050,1050,5.25,20000,21150,19950,63955,1294940000
2022-05-18,KAU21,20400,-650,-3.09,20600,20600,20400,94465,1935050100
2022-05-19,KAU21,20500,100,0.49,20400,20550,20400,48811,1000602850
2022-05-20,KAU21,20600,100,0.49,20450,20650,20450,58280,1198446200
2022-05-23,KAU21,20750,150,0.73,20500,20800,20500,91444,1884452950
2022-05-24,KAU21,21150,400,1.93,21000,21150,20950,92187,1939304500
2022-05-25,KAU21,21600,450,2.13,21250,21750,21250,56218,1214475600
2022-05-26,KAU21,22450,850,3.94,21600,22450,21600,93697,2059723200
2022-05-27,KAU21,22400,-50,-0.22,22450,22550,22350,42698,957764500
2022-05-30,KAU21,22550,150,0.67,22500,22550,22500,87253,1965774250
2022-05-31,KAU21,22400,-150,-0.67,22550,22600,22400,122299,2717683900
2022-06-02,KAU21,20200,-2200,-9.82,20200,20500,20200,101007,2041961400
2022-06-03,KAU21,20000,-200,-0.99,19950,20000,19400,188253,3689742900
2022-06-07,KAU21,19900,-100,-0.5,19400,19900,19400,119377,2352753500
2022-06-08,KAU21,18200,-1700,-8.54,19600,19700,18200,174686,3315928300
2022-06-09,KAU21,16400,-1800,-9.89,17000,17000,16400,150785,2477174100
2022-06-10,KAU21,14800,-1600,-9.76,14800,14800,14800,217443,3222956400
2022-06-13,KAU21,13350,-1450,-9.8,13350,13350,13350,223662,3225150500
2022-06-14,KAU21,13500,150,1.12,12050,13500,12050,447447,5387353250
2022-06-15,KAU21,14850,1350,10,13800,14850,13800,62863,921504250
2022-06-16,KAU21,16300,1450,9.76,16300,16300,16300,85290,1390227000
2022-06-17,KAU21,17900,1600,9.82,17900,17900,17900,96620,1729498000
2022-06-20,KAU21,19650,1750,9.78,19650,19650,19650,36999,727030350
2022-06-21,KAU21,21000,1350,6.87,21600,21600,21000,152641,3277220800
2022-06-22,KAU21,18900,-2100,-10,20000,20500,18900,53718,1047674100
2022-06-23,KAU21,17050,-1850,-9.79,19000,19050,17050,95715,1677294550
2022-06-24,KAU21,16700,-350,-2.05,18000,18000,15350,108306,1713282650
2022-06-27,KAU21,17950,1250,7.49,17500,17950,17300,25134,440203900
2022-06-28,KAU21,18900,950,5.29,18450,18900,18150,64821,1208839400
2022-06-29,KAU21,20550,1650,8.73,18900,20550,18900,113612,2252271750
2022-06-30,KAU21,20800,250,1.22,18550,21000,18500,122310,2411163700
2022-07-01,KAU21,20800,0,0,20800,20800,20200,14434,294937400
2022-07-04,KAU21,20800,0,0,20800,20800,20700,3000,62300000
2022-07-05,KAU21,20950,150,0.72,20500,20950,20450,9595,199467500
2022-07-06,KAU21,20900,-50,-0.24,20800,20900,20800,3500,73000000
2022-07-07,KAU21,20800,-100,-0.48,20500,20800,20500,4500,92400000
2022-07-08,KAU21,20800,0,0,20800,20800,20800,5205,108264000
2022-07-11,KAU21,20000,-800,-3.85,20100,20100,20000,8100,162510000
2022-07-12,KAU21,18000,-2000,-10,19300,19300,18000,12130,226922000
2022-07-13,KAU21,17500,-500,-2.78,17600,17600,16200,23385,389182000
2022-07-14,KAU21,18400,900,5.14,17850,18400,17750,24924,444996450
2022-07-15,KAU21,18600,200,1.09,17900,18600,17900,6058,110274800
2022-07-18,KAU21,18700,100,0.54,18600,19900,18600,7300,139753100
2022-07-19,KAU21,19500,800,4.28,19100,20000,19100,18000,355800000
2022-07-20,KAU21,19300,-200,-1.03,19000,19300,19000,11000,211000000
2022-07-21,KAU21,18700,-600,-3.11,19300,19300,18700,12500,235550000
2022-07-22,KAU21,16850,-1850,-9.89,18500,18500,16850,25033,447896050
2022-07-25,KAU21,17200,350,2.08,17400,17500,17200,4833,84210850
2022-07-26,KAU21,18500,1300,7.56,18500,18500,18200,31700,585850000
2022-07-27,KAU21,18500,0,0,18000,18500,18000,25187,461866000
2022-07-28,KAU21,18500,0,0,18300,18500,18000,34320,628427700
2022-07-29,KAU21,18600,100,0.54,18100,18600,18100,14761,271676300
2022-08-01,KAU21,17700,-900,-4.84,18100,18100,17700,5300,95298600
2022-08-02,KAU21,15950,-1750,-9.89,17800,17800,15950,13507,221174600
2022-08-03,KAU21,14700,-1250,-7.84,14400,15000,14400,97110,1410617200
2022-08-04,KAU21,16150,1450,9.86,14900,16150,14900,45697,731875650
2022-08-05,KAU21,17750,1600,9.91,15000,17750,15000,10886,184909400
2022-08-08,KAU21,19500,1750,9.86,18000,19500,17000,7459,138024300
2022-08-09,KAU22,27950,-50,-0.18,0,0,0,0,0
2022-08-10,KAU22,27900,-50,-0.18,27900,27900,27600,4001,111327900
2022-08-11,KAU22,27000,-900,-3.23,27500,27500,26850,174249,4705093000
2022-08-12,KAU22,27200,200,0.74,27000,27200,27000,80700,2179620000
2022-08-16,KAU22,27300,100,0.37,27200,27300,27000,34440,932894000
2022-08-17,KAU22,27400,100,0.37,27000,27450,27000,26197,717022650
2022-08-18,KAU22,27400,0,0,27400,27400,27400,9400,257560000
2022-08-19,KAU22,27700,300,1.09,27000,27700,27000,9905,272667800
2022-08-22,KAU22,27700,0,0,27700,27750,27700,15532,430311400
2022-08-23,KAU22,27100,-600,-2.17,27400,27400,26950,72600,1962450000
2022-08-24,KAU22,27100,0,0,27100,27100,27000,118200,3202720000
2022-08-25,KAU22,27100,0,0,27200,27200,27100,22000,597000000
2022-08-26,KAU22,27300,200,0.74,27300,27300,27200,12200,332660000
2022-08-29,KAU22,27300,0,0,29000,29000,27100,92249,2504207900
2022-08-30,KAU22,27650,350,1.28,27200,27650,27100,12600,345235000
2022-08-31,KAU22,27750,100,0.36,27400,27750,27000,11090,303961000
2022-09-01,KAU22,27600,-150,-0.54,27300,27600,27000,14700,400875000
2022-09-02,KAU22,27500,-100,-0.36,27450,27500,27300,23963,656339900
2022-09-05,KAU22,27000,-500,-1.82,27250,27400,27000,37515,1022056000
2022-09-06,KAU22,27100,100,0.37,27450,27450,27000,68220,1846280000
2022-09-07,KAU22,27100,0,0,27000,27250,26950,21920,593050000
2022-09-08,KAU22,27100,0,0,27100,27100,26950,40520,1093985000
2022-09-13,KAU22,27100,0,0,27100,27100,26950,91560,2471880000
2022-09-14,KAU22,27050,-50,-0.18,27150,27150,26950,40760,1100175000
2022-09-15,KAU22,27000,-50,-0.18,27000,27000,26950,6731,181564000
2022-09-16,KAU22,26900,-100,-0.37,26900,26900,26900,3001,80726900
2022-09-19,KAU22,25450,-1450,-5.39,26950,26950,24750,34600,893023000
2022-09-20,KAU22,24000,-1450,-5.7,25000,25000,23600,21640,519910000
2022-09-21,KAU22,23200,-800,-3.33,23500,23500,22800,16301,375209900
2022-09-22,KAU22,22400,-800,-3.45,22600,22600,22400,19600,439680500
2022-09-23,KAU22,22250,-150,-0.67,21900,22250,21900,20000,440660000
2022-09-26,KAU22,23000,750,3.37,22250,23000,22250,23900,545017500
2022-09-27,KAU22,24100,1100,4.78,24000,24150,24000,20094,484270400
2022-09-28,KAU22,25000,900,3.73,24100,25200,24100,15201,377685050
2022-09-29,KAU22,25000,0,0,25450,25500,24500,17670,445526500
2022-09-30,KAU22,27500,2500,10,25000,27500,22600,48311,1211310900
2022-10-04,KAU22,25700,-1800,-6.55,26500,26500,25300,8710,226077000
2022-10-05,KAU22,25400,-300,-1.17,25400,25400,25200,4500,114200000
2022-10-06,KAU22,25200,-200,-0.79,25200,25400,25150,5300,133470000
2022-10-07,KAU22,25200,0,0,25100,25200,24900,4100,102820000
2022-10-11,KAU22,24700,-500,-1.98,24900,25000,24700,7600,188635000
2022-10-12,KAU22,23000,-1700,-6.88,24100,24100,23000,10260,241554000
2022-10-13,KAU22,23300,300,1.3,20800,23300,20800,15260,331239000
2022-10-14,KAU22,23700,400,1.72,23500,23700,23500,18610,438287000
2022-10-17,KAU22,23300,-400,-1.69,23500,23500,23150,21470,500564000
2022-10-18,KAU22,22800,-500,-2.15,23150,23200,22800,16340,374196000
2022-10-19,KAU22,21800,-1000,-4.39,22400,22400,20800,15800,340490000
2022-10-20,KAU22,22500,700,3.21,22500,22500,22500,3420,76950000
2022-10-21,KAU22,20950,-1550,-6.89,21000,21350,20550,14501,301590950
2022-10-24,KAU22,21950,1000,4.77,22000,22000,21950,4000,87950500
2022-10-25,KAU22,21300,-650,-2.96,21500,21500,21100,7600,162045000
2022-10-26,KAU22,21350,50,0.23,21000,21500,20850,24810,521503500
2022-10-27,KAU22,21250,-100,-0.47,21000,21400,21000,5530,117199500
2022-10-28,KAU22,21450,200,0.94,22850,22900,21200,14020,300694500
2022-10-31,KAU22,21100,-350,-1.63,21800,21800,19450,17650,365209250
2022-11-01,KAU22,21300,200,0.95,21450,21450,21300,4950,105910500
2022-11-02,KAU22,21100,-200,-0.94,21200,21250,21100,20280,429076000
2022-11-03,KAU22,20800,-300,-1.42,21000,21050,20800,21970,458524500
2022-11-04,KAU22,20000,-800,-3.85,20800,20800,20000,34140,689264500
2022-11-07,KAU22,20000,0,0,20900,20900,19350,20551,406375900
2022-11-08,KAU22,19500,-500,-2.5,20000,20250,19500,38603,759474650
2022-11-09,KAU22,19500,0,0,19950,19950,19400,16102,315809100
2022-11-10,KAU22,19400,-100,-0.51,19500,19500,18750,56141,1087448900
2022-11-11,KAU22,19150,-250,-1.29,19300,19300,18300,23601,451049200
2022-11-14,KAU22,19300,150,0.78,19300,19450,19200,73005,1410715250
2022-11-15,KAU22,19150,-150,-0.78,19250,19250,19100,62000,1187010000
2022-11-16,KAU22,19000,-150,-0.78,19100,19100,18900,30810,584536000
2022-11-17,KAU22,18650,-350,-1.84,18900,18900,18650,25600,479800000
2022-11-18,KAU22,18300,-350,-1.88,18550,18550,18050,4861,89362800
2022-11-21,KAU22,17800,-500,-2.73,17600,17950,17300,19600,346410000
2022-11-22,KAU22,16900,-900,-5.06,17000,17400,16500,55824,946837000
2022-11-23,KAU22,17000,100,0.59,17000,17300,16900,40488,688931000
2022-11-24,KAU22,15850,-1150,-6.76,17000,17000,15300,58668,954504200
2022-11-25,KAU22,16600,750,4.73,16900,16900,16500,23449,389469850
2022-11-28,KAU22,16500,-100,-0.6,16600,16600,15600,36861,606289100
2022-11-29,KAU22,16200,-300,-1.82,16500,16500,16200,28252,458048000
2022-11-30,KAU22,16050,-150,-0.93,17400,17400,15800,44931,727042900
2022-12-01,KAU22,16000,-50,-0.31,16000,16000,16000,2710,43360000
2022-12-02,KAU22,15950,-50,-0.31,16000,16000,15500,35322,562231900
2022-12-05,KAU22,15700,-250,-1.57,15950,15950,15700,34210,539280000
2022-12-06,KAU22,15500,-200,-1.27,15600,15700,15400,38831,602455500
2022-12-07,KAU22,15300,-200,-1.29,15000,15850,15000,30923,469188000
2022-12-08,KAU22,14950,-350,-2.29,15000,15450,14900,38450,576946500
2022-12-09,KAU22,15200,250,1.67,16050,16050,14900,44960,674389500
2022-12-12,KAU22,15000,-200,-1.32,15200,15500,14900,68759,1032992600
2022-12-13,KAU22,15000,0,0,15200,15200,14650,81310,1213179500
2022-12-14,KAU22,14800,-200,-1.33,15000,15000,14600,66808,991223750
2022-12-15,KAU22,14700,-100,-0.68,14800,14800,14500,76864,1127577200
2022-12-16,KAU22,14500,-200,-1.36,14700,14700,14250,63900,924900000
2022-12-19,KAU22,14000,-500,-3.45,14400,14400,13500,89769,1251724600
2022-12-20,KAU22,13200,-800,-5.71,13600,13800,13000,102302,1363027200
2022-12-21,KAU22,12900,-300,-2.27,13200,13400,12700,65070,838397800
2022-12-22,KAU22,12800,-100,-0.78,12700,12800,12550,111865,1415552000
2022-12-23,KAU22,14000,1200,9.38,12800,14000,12800,29700,402095000
2022-12-26,KAU22,14000,0,0,14000,14900,14000,85210,1195774000
2022-12-27,KAU22,15000,1000,7.14,14100,15400,14100,80466,1207767900
2022-12-28,KAU22,16400,1400,9.33,15500,16450,15500,136926,2205312100
2022-12-29,KAU22,16000,-400,-2.44,16700,16900,16000,235308,3889410600
2023-01-02,KAU22,16800,800,5,16000,16900,16000,21300,350880000
2023-01-03,KAU22,15650,-1150,-6.85,16600,16600,15650,40510,659415000
2023-01-04,KAU22,14600,-1050,-6.71,15300,15450,14600,33000,494230000
2023-01-05,KAU22,13300,-1300,-8.9,14500,14500,13200,24600,333970000
2023-01-06,KAU22,13150,-150,-1.13,13200,13200,12900,34800,452505000
2023-01-09,KAU22,13300,150,1.14,12100,13550,11950,158310,1926958600
2023-01-10,KAU22,13200,-100,-0.75,13000,13200,12500,101502,1310345600
2023-01-11,KAU22,14500,1300,9.85,12900,14500,12900,55490,790721000
2023-01-12,KAU22,15600,1100,7.59,15000,15650,15000,25610,397112000
2023-01-13,KAU22,15850,250,1.6,16200,16200,15850,67885,1085821500
2023-01-16,KAU22,14700,-1150,-7.26,15950,16000,14700,53590,827310500
2023-01-17,KAU22,15250,550,3.74,15650,15650,15000,22200,337635000
2023-01-18,KAU22,14500,-750,-4.92,15100,15100,14300,39221,567849500
2023-01-19,KAU22,14150,-350,-2.41,14500,14500,13950,31420,441853500
2023-01-20,KAU22,14500,350,2.47,14200,14600,14200,26100,377625000
2023-01-25,KAU22,14500,0,0,13600,14850,13600,31310,453643500
2023-01-26,KAU22,14100,-400,-2.76,14000,14100,13950,51700,724462500
2023-01-27,KAU22,14850,750,5.32,14100,14900,14100,57600,838440000
2023-01-30,KAU22,15000,150,1.01,14600,15200,14600,40300,602180000
2023-01-31,KAU22,14800,-200,-1.33,15000,15150,14500,92170,1375862500
2023-02-01,KAU22,14750,-50,-0.34,15000,15000,14700,16300,240870000
2023-02-02,KAU22,14100,-650,-4.41,14600,14700,14000,59051,851329150
2023-02-03,KAU22,14000,-100,-0.71,14100,14200,14000,45900,646190000
2023-02-06,KAU22,13850,-150,-1.07,13950,14000,13850,47200,657085000
2023-02-07,KAU22,13200,-650,-4.69,13600,13600,12750,50400,653670000
2023-02-08,KAU22,13000,-200,-1.52,12900,13000,12850,60794,786661800
2023-02-09,KAU22,13300,300,2.31,13600,13600,13300,44000,591610000
2023-02-10,KAU22,12900,-400,-3.01,13550,13550,12900,36255,473373250
2023-02-13,KAU22,12900,0,0,13300,13400,12900,85601,1115918000
2023-02-14,KAU22,12850,-50,-0.39,13000,13000,12850,91533,1183799000
2023-02-15,KAU22,12800,-50,-0.39,12900,13000,12800,95400,1229056350
2023-02-16,KAU22,12800,0,0,12950,12950,12800,103654,1331386200
2023-02-17,KAU22,12750,-50,-0.39,12800,12850,12750,81100,1037455000
2023-02-20,KAU22,12800,50,0.39,12800,12900,12750,102201,1311572100
2023-02-21,KAU22,12800,0,0,12950,12950,12800,118634,1525683600
2023-02-22,KAU22,12800,0,0,12900,12900,12750,63099,809262200
2023-02-23,KAU22,12850,50,0.39,12900,12900,12800,60550,776930000
2023-02-24,KAU22,12700,-150,-1.17,12900,12900,12700,70900,902790000
2023-02-27,KAU22,12600,-100,-0.79,12600,12650,12550,108250,1364290000
2023-02-28,KAU22,12800,200,1.59,12800,12950,12700,121300,1553935000
2023-03-02,KAU22,12950,150,1.17,12800,13100,12800,134010,1739479500
2023-03-03,KAU22,13000,50,0.39,12950,13100,12950,56300,733930000
2023-03-06,KAU22,12950,-50,-0.38,13000,13050,12950,60811,790308500
2023-03-07,KAU22,12950,0,0,13000,13000,12950,94038,1221859000
2023-03-08,KAU22,13100,150,1.16,13000,13150,13000,87800,1146645000
2023-03-09,KAU22,13100,0,0,12950,13100,12950,57902,756620900
2023-03-10,KAU22,13200,100,0.76,13150,13200,12350,142156,1838214600
2023-03-13,KAU22,13050,-150,-1.14,13000,13150,12950,55485,723363500
2023-03-14,KAU22,13400,350,2.68,13150,13450,13100,65385,867287200
2023-03-15,KAU22,13450,50,0.37,13500,13500,13350,80729,1085736050
2023-03-16,KAU22,13800,350,2.6,13400,13800,13400,114590,1554869500
2023-03-17,KAU22,14400,600,4.35,14000,14400,13800,109669,1553892100
2023-03-20,KAU22,14450,50,0.35,14400,14500,14350,82975,1201170000
2023-03-21,KAU22,13700,-750,-5.19,14050,14050,13700,24230,334919000
2023-03-22,KAU22,12500,-1200,-8.76,13700,13700,12500,67578,877928900
2023-03-23,KAU22,12600,100,0.8,12300,12900,12300,111549,1414933750
2023-03-24,KAU22,13300,700,5.56,12800,13450,12800,200865,2638477000
2023-03-27,KAU22,13400,100,0.75,13100,13450,12850,131009,1738188900
2023-03-28,KAU22,13650,250,1.87,13300,13700,13300,120385,1621814250
2023-03-29,KAU22,13850,200,1.47,13650,13900,13650,160637,2221444300
2023-03-30,KAU22,13900,50,0.36,13600,13900,13600,165438,2288288200
2023-03-31,KAU22,14650,750,5.4,13800,14700,13800,259468,3714850600
2023-04-03,KAU22,13950,-700,-4.78,13450,14000,13450,108133,1509063850
2023-04-04,KAU22,13500,-450,-3.23,13900,13950,13350,171413,2335613650
2023-04-05,KAU22,13550,50,0.37,13600,13950,13300,396115,5325429200
2023-04-06,KAU22,13600,50,0.37,13550,13600,13200,206969,2784758900
2023-04-07,KAU22,13650,50,0.37,13600,13700,13250,329960,4466926500
2023-04-10,KAU22,13600,-50,-0.37,13300,13650,13250,247230,3324055800
2023-04-11,KAU22,13450,-150,-1.1,13200,13550,13150,252301,3372423200
2023-04-12,KAU22,13300,-150,-1.12,13350,13350,13100,235901,3122665600
2023-04-13,KAU22,12800,-500,-3.76,13300,13300,12750,281817,3658720100
2023-04-14,KAU22,12900,100,0.78,12800,12900,12700,220659,2832485150
2023-04-17,KAU22,13000,100,0.78,13000,13050,12850,133320,1731128000
2023-04-18,KAU22,12900,-100,-0.77,13200,13200,12900,194211,2523822450
2023-04-19,KAU22,13000,100,0.78,13000,13100,12900,81881,1062779300
2023-04-20,KAU22,12900,-100,-0.77,13000,13100,12900,89987,1166004000
2023-04-21,KAU22,13000,100,0.78,13000,13000,12850,61600,799525000
2023-04-24,KAU22,12950,-50,-0.38,12950,13000,12850,87039,1123241150
2023-04-25,KAU22,12700,-250,-1.93,12850,12900,12650,217613,2778367450
2023-04-26,KAU22,12450,-250,-1.97,12600,12600,12400,185225,2309547500
2023-04-27,KAU22,11250,-1200,-9.64,12350,12350,11250,181142,2128297600
2023-04-28,KAU22,11250,0,0,12150,12150,11200,119075,1340397700
2023-05-02,KAU22,11600,350,3.11,11650,11650,11400,24484,284893600
2023-05-03,KAU22,11650,50,0.43,11600,11700,11500,46675,541501800
2023-05-04,KAU22,11700,50,0.43,11650,11700,11600,71962,839927300
2023-05-08,KAU22,12400,700,5.98,11500,12600,11400,160408,1881773250
2023-05-09,KAU22,12450,50,0.4,12400,12500,12400,153471,1912923950
2023-05-10,KAU22,12600,150,1.2,12500,13400,12500,233667,3015110100
2023-05-11,KAU22,12400,-200,-1.59,12300,12500,12250,101951,1259744800
2023-05-12,KAU22,13000,600,4.84,12400,13100,12400,252052,3261223300
2023-05-15,KAU22,12800,-200,-1.54,13100,13100,12800,182402,2367623900
2023-05-16,KAU22,12700,-100,-0.78,12900,12900,12700,95369,1220048150
2023-05-17,KAU22,12400,-300,-2.36,12500,12800,12400,223796,2803718700
2023-05-18,KAU22,12400,0,0,12400,12500,12250,190943,2360043200
2023-05-19,KAU22,12300,-100,-0.81,12400,12400,12200,179340,2203909000
2023-05-22,KAU22,12000,-300,-2.44,12150,12250,11900,224054,2686488100
2023-05-23,KAU22,11750,-250,-2.08,12000,12000,11600,252900,2950359000
2023-05-24,KAU22,11500,-250,-2.13,11800,11900,11500,252711,2928499600
2023-05-25,KAU22,11200,-300,-2.61,11300,11400,11050,327184,3654517500
2023-05-26,KAU22,11350,150,1.34,11200,11350,11100,520982,5870123650
2023-05-30,KAU22,11500,150,1.32,11200,11600,11200,598997,6930539000
2023-05-31,KAU22,11900,400,3.48,11600,11950,11600,555396,6601288200
2023-06-01,KAU22,11900,0,0,11500,12000,11500,476548,5680242250
2023-06-02,KAU22,12000,100,0.84,12200,12200,11800,197455,2362346200
2023-06-05,KAU22,12000,0,0,11500,12000,11500,286011,3427565500
2023-06-07,KAU22,11950,-50,-0.42,11800,11950,11800,466547,5557764150
2023-06-08,KAU22,11900,-50,-0.42,11950,11950,11850,951904,11319393650
2023-06-09,KAU22,11850,-50,-0.42,11900,11900,11700,1296117,15383335450
2023-06-12,KAU22,11750,-100,-0.84,11700,11850,11700,1175414,13828006550
2023-06-13,KAU22,11800,50,0.43,11700,11900,11700,1204177,14200641850
2023-06-14,KAU22,11800,0,0,11750,11800,11700,1699101,20030510400
2023-06-15,KAU22,11700,-100,-0.85,11750,11750,11650,553346,6483413450
2023-06-16,KAU22,11700,0,0,11650,11700,11600,667786,7791333350
2023-06-19,KAU22,11550,-150,-1.28,11650,11700,11500,799665,9262599250
2023-06-20,KAU22,11250,-300,-2.6,11500,11500,11250,486258,5519306400
2023-06-21,KAU22,11000,-250,-2.22,11150,11150,10950,345194,3799354900
2023-06-22,KAU22,10700,-300,-2.73,11000,11000,10650,434735,4665895000
2023-06-23,KAU22,10600,-100,-0.93,10700,10750,10550,395647,4199562250
2023-06-26,KAU22,10600,0,0,10600,10650,10500,258661,2745624750
2023-06-27,KAU22,10200,-400,-3.77,10450,10500,10000,834660,8605398800
2023-06-28,KAU22,10950,750,7.35,10200,11050,10200,553674,6026755850
2023-06-29,KAU22,10750,-200,-1.83,11000,11200,10700,306406,3345984750
2023-06-30,KAU22,10300,-450,-4.19,10850,10850,10000,355407,3689399200
2023-07-03,KAU22,10250,-50,-0.49,10850,10850,10250,207510,2136898100
2023-07-04,KAU22,10400,150,1.46,10300,10650,10300,579524,6077900900
2023-07-05,KAU22,10450,50,0.48,10500,10550,10400,605127,6312615850
2023-07-06,KAU22,10300,-150,-1.44,10450,10550,10250,322454,3326696550
2023-07-07,KAU22,10400,100,0.97,10400,10450,10300,1657384,17212621950
2023-07-10,KAU22,10350,-50,-0.48,10200,10400,10200,320346,3308425800
2023-07-11,KAU22,10150,-200,-1.93,10300,10300,10150,481347,4916583550
2023-07-12,KAU22,10000,-150,-1.48,10150,10150,9950,1005054,10065946120
2023-07-13,KAU22,10000,0,0,10050,10100,9990,152657,1526723570
2023-07-14,KAU22,9980,-20,-0.2,9990,10000,9970,599185,5981259090
2023-07-17,KAU22,9910,-70,-0.7,9950,9950,9900,918924,9109226100
2023-07-18,KAU22,9570,-340,-3.43,9900,9900,9570,430895,4167857310
2023-07-19,KAU22,9570,0,0,9570,9700,9540,586827,5625168230
2023-07-20,KAU22,8660,-910,-9.51,9550,9550,8640,277146,2429349680
2023-07-21,KAU22,7800,-860,-9.93,8590,8590,7800,229196,1798591640
2023-07-24,KAU22,7020,-780,-10,7800,7800,7020,279984,1979900370
2023-07-25,KAU22,7500,480,6.84,6320,7500,6320,531192,3389458310
2023-07-26,KAU22,8000,200,2.56,7450,8000,7070,64502,479505380
2023-07-27,KAU22,8800,800,10,8010,8800,8010,134745,1170566940
2023-07-28,KAU22,9680,880,10,9680,9680,9680,192478,1863187040
2023-07-31,KAU22,9500,-180,-1.86,10500,10500,9500,39670,382741690
2023-08-01,KAU22,8550,-950,-10,8680,8680,8550,41200,352390000
2023-08-02,KAU22,8270,-280,-3.27,7720,8270,7700,255705,2023121160
2023-08-03,KAU22,7880,-390,-4.72,7700,8050,7700,257687,2057618000
2023-08-04,KAU22,7830,-50,-0.63,7910,7910,7830,315165,2486175180
2023-08-07,KAU22,7700,-130,-1.66,8130,8130,7200,277524,2065403300
2023-08-08,KAU22,7400,-300,-3.9,7600,7600,7100,199809,1474823120
2023-08-09,KAU22,7400,0,0,7400,7490,7200,326808,2432024870
2023-08-10,KAU22,7590,190,2.57,7480,7600,7420,462822,3474001280
2023-08-11,KAU22,7770,180,2.37,7540,7850,7520,300580,2327922400
2023-08-14,KAU22,8090,320,4.12,7800,8140,7800,458760,3709005820
2023-08-16,KAU22,7840,-250,-3.09,7970,7970,7700,287839,2255852930
2023-08-17,KAU22,7600,-240,-3.06,7600,7800,7350,541449,4141637820
2023-08-18,KAU22,7420,-180,-2.37,7600,7600,7200,705729,5287105730
2023-08-21,KAU22,7300,-120,-1.62,7590,7590,7300,206501,1524903850
2023-08-22,KAU22,7210,-90,-1.23,7460,7460,7180,572716,4142926410
2023-08-23,KAU22,7150,-60,-0.83,7110,7210,7100,314687,2246508920
2023-08-24,KAU22,7150,0,0,7040,7200,7000,246844,1759505940
2023-08-25,KAU22,7150,0,0,6960,7200,6960,391819,2801220800
2023-08-28,KAU22,7070,-80,-1.12,6920,7180,6920,192829,1372158740
2023-08-29,KAU22,7170,100,1.41,6800,7190,6800,928598,6645664740
2023-08-30,KAU22,7530,360,5.02,7070,7640,7070,168412,1276948530
2023-08-31,KAU22,7750,220,2.92,7200,8280,7200,37208,283953500
2023-09-01,KAU23,7750,0,0,7750,7830,7750,336300,2618761000
2023-09-04,KAU23,7700,-50,-1,7750,7750,7430,337501,2600887720
2023-09-05,KAU23,7640,-60,-1,7610,7900,7430,57500,437125000
2023-09-06,KAU23,7770,130,2,7650,7770,7650,10500,81010000
2023-09-07,KAU23,7990,220,3,7790,8000,7790,23333,184804000
2023-09-08,KAU23,8000,10,0,8200,8200,8000,11000,89530000
2023-09-11,KAU23,8150,150,2,8000,8150,8000,12001,96551150
2023-09-12,KAU23,8300,150,2,8150,8300,8000,12901,105193300
2023-09-13,KAU23,9100,800,10,8500,9130,8500,29449,262564600
2023-09-14,KAU23,10000,900,10,10000,10000,10000,7016,70160000
2023-09-15,KAU23,11000,1000,10,11000,11000,11000,4108,45188000
2023-09-18,KAU23,12100,1100,10,12100,12100,12100,6000,72600000
2023-09-19,KAU23,13300,1200,10,13300,13300,13300,4766,63387800
2023-09-20,KAU23,14600,1300,10,14600,14600,14600,105128,1534868800
2023-09-21,KAU23,13900,-700,-5,15100,15100,13150,29043,386264300
2023-09-22,KAU23,12900,-1000,-7,13500,13500,12550,12331,157496800
2023-09-25,KAU23,12800,-100,-1,12650,12800,11650,44507,541462800
2023-09-26,KAU23,12850,50,0,12000,12850,11550,27501,324962850
2023-09-27,KAU23,12900,50,0,11700,12900,11700,87500,1066225000
2023-10-04,KAU23,14000,1100,9,14000,14000,14000,319,4466000
2023-10-05,KAU23,12600,-1400,-10,13500,13500,12600,23500,297250000
2023-10-06,KAU23,11700,-900,-7,13000,13000,11400,5520,64522000
2023-10-10,KAU23,11600,-100,-1,12500,12500,11000,5210,59189650
2023-10-11,KAU23,10850,-750,-6,12300,12300,10800,15324,166150950
2023-10-12,KAU23,11000,150,1,11000,11000,10300,19100,202200000
2023-10-13,KAU23,11950,950,9,12000,12000,10800,5101,58036950
2023-10-16,KAU23,11800,-150,-1,13000,13000,11200,4780,54566000
2023-10-17,KAU23,11700,-100,-1,12500,12500,11500,4030,46808500
2023-10-18,KAU23,12000,300,3,12800,12800,11500,24021,286460000
2023-10-19,KAU23,12000,0,0,11900,12000,11700,26823,317612700
2023-10-20,KAU23,11800,-200,-2,11300,11950,11300,18837,221627550
2023-10-23,KAU23,11800,0,0,12700,12700,11400,20801,244756850
2023-10-24,KAU23,11600,-200,-2,11750,11750,11300,43803,503255750
2023-10-25,KAU23,11400,-200,-2,12700,12700,11400,6843,78982700
2023-10-26,KAU23,11300,-100,-1,12200,12200,10800,9389,104119600
2023-10-27,KAU23,11300,0,0,12200,12200,11300,6500,73459000
2023-10-30,KAU23,11500,200,2,11400,11500,10900,24776,274872500
2023-10-31,KAU23,11000,-500,-4,11550,11550,10400,28846,312782900
2023-11-01,KAU23,11000,0,0,11100,11500,10900,9500,105300000
2023-11-02,KAU23,11000,0,0,11100,11100,10900,7001,76561100
2023-11-03,KAU23,10900,-100,-1,12000,12000,10550,9510,101820000
2023-11-06,KAU23,10900,0,0,11950,11950,10750,9370,102257500
2023-11-07,KAU23,10350,-550,-5,10400,10400,10300,27500,285550000
2023-11-08,KAU23,10000,-350,-3,11350,11350,9950,7010,70088500
2023-11-09,KAU23,10450,450,5,10000,10450,9900,67790,697954850
2023-11-10,KAU23,10050,-400,-4,10000,10300,9990,319566,3209900850
2023-11-13,KAU23,10000,-50,-1,10050,10100,9900,137558,1377408900
2023-11-14,KAU23,9950,-50,-1,9900,10000,9850,207156,2060023900
2023-11-15,KAU23,9900,-50,-1,9800,9950,9500,178295,1742356050
2023-11-16,KAU23,9650,-250,-3,9800,9850,9500,38768,373937950
2023-11-17,KAU23,9550,-100,-1,9650,9700,9400,139321,1328443250
2023-11-20,KAU23,9400,-150,-2,8700,9450,8700,66515,623425690
2023-11-21,KAU23,8930,-470,-5,9200,9260,8800,99209,889897740
2023-11-22,KAU23,8130,-800,-9,8910,8920,8100,167708,1387680610
2023-11-23,KAU23,7900,-230,-3,7950,8040,7800,47431,374331390
2023-11-24,KAU23,8440,540,7,7900,8690,7500,122607,971215870
2023-11-27,KAU23,7950,-490,-6,8000,8340,7800,459844,3660289190
2023-11-28,KAU23,7750,-200,-3,7950,8740,7700,432180,3356812970
2023-11-29,KAU23,8200,-410,-5,8100,8300,7800,2500004,19971362890
2023-11-30,KAU23,8490,-120,-1,8100,8550,8000,1164392,9608935300
2023-12-01,KAU23,8500,-110,-1,8300,8600,8300,206002,1741366890
2023-12-04,KAU23,8780,170,2,8500,8790,8500,58001,504588500
2023-12-05,KAU23,8780,0,0,8610,9040,8610,121901,1080546650
2023-12-06,KAU23,9500,720,8,8500,9590,8500,90057,822862560
2023-12-07,KAU23,10450,950,10,9200,10450,9200,219509,2237092250
2023-12-08,KAU23,10000,-450,-4,10750,11000,10000,647001,6960261900
2023-12-11,KAU23,9000,-1000,-10,9800,9990,9000,162115,1487314960
2023-12-12,KAU23,9080,80,1,8160,9100,8150,965815,8676889120
2023-12-13,KAU23,9540,460,5,9300,9570,9300,461704,4394211020
2023-12-14,KAU23,9670,130,1,9000,9700,9000,139021,1346131010
2023-12-15,KAU23,9450,-220,-2,9550,9670,9300,203502,1930249170
2023-12-18,KAU23,9440,-10,0,8510,9800,8510,263323,2492027450
2023-12-19,KAU23,9000,-440,-5,9600,9600,8990,68501,625470420
2023-12-20,KAU23,8600,-400,-4,9000,9000,8500,19685,171565000
2023-12-21,KAU23,8300,-300,-3,8490,8490,8100,118500,984440100
2023-12-22,KAU23,8090,-210,-3,8300,8300,8010,118565,967364500
2023-12-26,KAU23,8270,180,2,8000,8450,8000,315240,2602392400
2023-12-27,KAU23,8200,-70,-1,8300,8300,8000,11098585,90618169860
2023-12-28,KAU23,9020,820,10,8200,9020,8100,1790282,14678453040
2024-01-02,KAU23,9350,330,4,9340,9370,9340,43148,404166750
2024-01-03,KAU23,8730,-620,-7,8500,8890,8500,25996,226654450
2024-01-04,KAU23,8900,170,2,8900,8900,8210,138809,1192627930
2024-01-05,KAU23,8490,-410,-5,8200,8840,8200,581003,4805945740
2024-01-08,KAU23,8160,-330,-4,8300,8300,8150,882000,7208410000
2024-01-09,KAU23,8030,-130,-2,8150,8150,8000,1370000,11007044000
2024-01-10,KAU23,8250,220,3,8110,8320,8050,1956607,16044311380
2024-01-11,KAU23,8460,210,3,8220,8460,8220,2353399,19416824620
2024-01-12,KAU23,8680,220,3,8690,8690,8150,154302,1301473940
2024-01-15,KAU23,8520,-160,-2,8100,8730,8100,205172,1746255450
2024-01-16,KAU23,8620,100,1,8400,8660,8400,1295333,11090215830
2024-01-17,KAU23,8930,310,4,8740,9260,8740,1797114,16284781230
2024-01-18,KAU23,9000,70,1,8910,9020,8910,1531900,13777335000
2024-01-19,KAU23,9020,20,0,9050,9050,8950,813101,7317948950
2024-01-22,KAU23,9070,50,1,9020,9090,9010,1443026,13027514620
2024-01-23,KAU23,9070,0,0,8900,9070,8800,20601,183792060
2024-01-24,KAU23,8990,-80,-1,9060,9060,8850,25950,232903500
2024-01-25,KAU23,8800,-190,-2,9000,9000,8630,41601,368973950
2024-01-26,KAU23,8990,190,2,8900,8990,8700,14000,124387000
2024-01-29,KAU23,8920,-70,-1,8720,8920,8720,24437,215746640
2024-01-30,KAU23,8920,0,0,9810,9810,8920,71610,655263000
2024-01-31,KAU23,9200,280,3,8990,9200,8710,158602,1429439400
2024-02-01,KAU23,9150,-50,-1,9200,9200,8910,31200,282843000
2024-02-02,KAU23,8970,-180,-2,8960,8970,8750,124500,1130970000
2024-02-05,KAU23,9030,60,1,8970,9030,8970,65675,590267500
2024-02-06,KAU23,9030,0,0,9000,9040,9000,70998,640522000
2024-02-07,KAU23,9110,80,1,9000,9110,9000,78100,706491000
2024-02-08,KAU23,9100,-10,0,9130,9130,9060,77500,704395000
2024-02-13,KAU23,9100,0,0,9100,9100,9080,30800,280119000
2024-02-14,KAU23,9120,20,0,9100,9120,8980,157300,1427386000
2024-02-15,KAU23,9140,20,0,9050,9140,9050,113420,1032056800
2024-02-16,KAU23,9130,-10,0,9070,9130,9070,132600,1209297000
2024-02-19,KAU23,9150,20,0,9100,9150,9100,163040,1487787230
2024-02-20,KAU23,9120,-30,0,9080,9120,9050,175097,1587858850
2024-02-21,KAU23,9130,10,0,9100,9130,9050,243446,2211260220
2024-02-22,KAU23,9140,10,0,9080,9140,9080,79500,724663000
2024-02-23,KAU23,9130,-10,0,9090,9130,9090,74092,674394280
2024-02-26,KAU23,9130,0,0,9120,9130,9100,49210,448577300
2024-02-27,KAU23,9100,-30,0,9090,9100,9090,34900,317487000
2024-02-28,KAU23,9140,40,0,9060,9140,9060,200844,1827589960
2024-02-29,KAU23,9140,0,0,9130,9140,9090,114666,1045916600
2024-03-04,KAU23,9090,-50,-1,9120,9150,9090,49212,449019800
2024-03-05,KAU23,9100,10,0,9090,9100,9040,153240,1389212500
2024-03-06,KAU23,9100,0,0,9080,9100,9040,143500,1299970000
2024-03-07,KAU23,9090,-10,0,9070,9090,9050,123464,1118866760
2024-03-08,KAU23,9090,0,0,9070,9090,9040,108536,984042880
2024-03-11,KAU23,9100,10,0,9100,9100,9040,138390,1255855400
2024-03-12,KAU23,9090,-10,0,9080,9090,9040,121300,1099949000
2024-03-13,KAU23,9100,10,0,9060,9100,9040,204110,1847979400
2024-03-14,KAU23,9100,0,0,9080,9100,9040,183400,1662859000
2024-03-15,KAU23,9100,0,0,9070,9100,9040,169800,1538947000
2024-03-18,KAU23,9100,0,0,9060,9100,9040,222500,2017557000
2024-03-19,KAU23,9050,-50,-1,9050,9050,9000,243500,2198700000
2024-03-20,KAU23,9030,-20,0,9050,9050,8980,281820,2540965700
2024-03-21,KAU23,9020,-10,0,9010,9020,8990,171801,1547239020
2024-03-22,KAU23,8910,-110,-1,8950,8980,8740,121411,1082026950
2024-03-25,KAU23,8690,-220,-2,8810,8810,8650,281060,2450938850
2024-03-26,KAU23,8420,-270,-3,8600,8600,8230,276400,2325850970
2024-03-27,KAU23,8100,-320,-4,8060,8250,8060,176800,1440797310
2024-03-28,KAU23,8100,0,0,8000,8150,7550,573164,4469533850
2024-03-29,KAU23,8130,30,0,7950,8130,7950,286750,2309240900
2024-04-01,KAU23,8160,30,0,8100,8160,8000,126500,1025666000
2024-04-02,KAU23,8200,40,0,8000,8200,8000,139284,1133222140
2024-04-03,KAU23,8220,20,0,8170,8220,8070,229401,1865917220
2024-04-04,KAU23,8240,20,0,8150,8240,8140,219800,1802075000
2024-04-05,KAU23,8490,250,3,8230,8500,8170,210796,1740282610
2024-04-08,KAU23,8560,70,1,8310,8560,8310,225373,1908493700
2024-04-09,KAU23,8700,140,2,8450,8700,8450,233138,2006371250
2024-04-11,KAU23,8850,150,2,8700,8850,8610,285733,2491690420
2024-04-12,KAU23,9100,250,3,8770,9100,8770,455200,4039297930
2024-04-15,KAU23,8990,-110,-1,8900,9050,8900,221137,1982643420
2024-04-16,KAU23,9000,10,0,8930,9000,8870,301504,2687244660
2024-04-17,KAU23,8900,-100,-1,8900,8970,8870,294883,2624013620
2024-04-18,KAU23,8750,-150,-2,8800,8800,8700,203471,1776146240
2024-04-19,KAU23,8750,0,0,8620,8750,8530,108080,932882000
2024-04-22,KAU23,8650,-100,-1,8500,8650,8500,163722,1409781420
2024-04-23,KAU23,8650,0,0,8650,8650,8550,202511,1737399870
2024-04-24,KAU23,8530,-120,-1,8630,8630,8500,375747,3201543710
2024-04-25,KAU23,8520,-10,0,8510,8540,8500,292443,2489043650
2024-04-26,KAU23,8660,140,2,8490,8660,8490,225669,1931494120
2024-04-29,KAU23,8710,50,1,8630,8710,8600,101422,878699720
2024-04-30,KAU23,8760,50,1,8620,8800,8620,131609,1150353190
2024-05-02,KAU23,8750,-10,0,8700,8760,8700,146540,1277377550
2024-05-03,KAU23,8730,-20,0,8710,8740,8710,129136,1127538640
2024-05-07,KAU23,8780,50,1,8650,8780,8650,126451,1105597460
2024-05-08,KAU23,8730,-50,-1,8750,8790,8730,213473,1868910710
2024-05-09,KAU23,8790,60,1,8730,8810,8730,168249,1477812070
2024-05-10,KAU23,8830,40,0,8800,8850,8780,148290,1308433370
2024-05-13,KAU23,8850,20,0,8750,8870,8750,121201,1071957840
2024-05-14,KAU23,8810,-40,0,8830,8850,8810,112965,996857150
2024-05-16,KAU23,8870,60,1,8810,8870,8770,206465,1819478580
2024-05-17,KAU23,8950,80,1,8850,8950,8850,245884,2188086930
2024-05-20,KAU23,8900,-50,-1,8950,8950,8870,131765,1171014100
2024-05-21,KAU23,8880,-20,0,8900,8900,8870,145857,1295574560
2024-05-22,KAU23,8850,-30,0,8870,8870,8800,253765,2239591410
2024-05-23,KAU23,8860,10,0,8830,8870,8810,188262,1667326550
2024-05-24,KAU23,8870,10,0,8840,8880,8800,139680,1238407700
2024-05-27,KAU23,8880,10,0,8800,8880,8800,158578,1406136400
2024-05-28,KAU23,8870,-10,0,8850,8890,8850,95852,850957110
2024-05-29,KAU23,8860,-10,0,8860,8880,8820,141961,1257768520
2024-05-30,KAU23,8900,40,0,8890,8900,8860,272716,2422883440
2024-05-31,KAU23,8890,-10,0,8860,8890,8830,237588,2106619110
2024-06-03,KAU23,8850,-40,0,8800,8850,8700,65662,578662380
2024-06-04,KAU23,8640,-210,-2,7970,8700,7970,176539,1523780450
2024-06-05,KAU23,8600,-40,0,8600,8620,8560,381157,3279265170
2024-06-07,KAU23,8640,40,0,8590,8640,8590,107410,924318230
2024-06-10,KAU23,8650,10,0,8630,8650,8620,365841,3157862820
2024-06-11,KAU23,8680,30,0,8560,8680,8330,368411,3182140890
2024-06-12,KAU23,8670,-10,0,8650,8680,8650,285464,2473270240
2024-06-13,KAU23,8710,40,0,8670,8710,8640,357368,3100903130
2024-06-14,KAU23,8760,50,1,8690,8760,8690,320547,2795898410
2024-06-17,KAU23,8820,60,1,8710,8840,8710,422249,3716014800
2024-06-18,KAU23,8850,30,0,8820,8860,8820,389198,3442616030
2024-06-19,KAU23,8910,60,1,8860,8930,8860,351846,3131972000
2024-06-20,KAU23,8900,-10,0,8840,8910,8840,281298,2504492220
2024-06-21,KAU23,8940,40,0,8880,8940,8880,182506,1627878210
2024-06-24,KAU23,8920,-20,0,8970,8970,8890,112959,1007848170
2024-06-25,KAU23,8930,10,0,8900,8940,8890,394706,3516695500
2024-06-26,KAU23,8950,20,0,8930,8950,8900,239848,2142608550
2024-06-27,KAU23,8950,0,0,8930,8960,8910,330849,2960384030
2024-06-28,KAU23,8950,0,0,8960,8960,8950,204558,1832230210
2024-07-01,KAU23,8950,0,0,8950,8960,8940,82319,736921050
2024-07-02,KAU23,8970,20,0,8940,8970,8940,200414,1795000430
2024-07-03,KAU23,8990,20,0,8970,8990,8600,205014,1839820730
2024-07-04,KAU23,8980,-10,0,8990,8990,8970,201929,1814066790
2024-07-05,KAU23,8980,0,0,8980,8990,8950,78358,703248570
2024-07-08,KAU23,8980,0,0,8970,8990,8970,192501,1728318870
2024-07-09,KAU23,8970,-10,0,8960,8980,8950,209808,1880454970
2024-07-10,KAU23,8980,10,0,8970,8980,8940,302899,2715431950
2024-07-11,KAU23,8990,10,0,8990,8990,8970,205853,1849146610
2024-07-12,KAU23,8990,0,0,8990,9000,8980,174655,1570076620
2024-07-15,KAU23,8990,0,0,8990,9000,8990,98209,883113580
2024-07-16,KAU23,8990,0,0,8980,8990,8970,143503,1289235940
2024-07-17,KAU23,9000,10,0,8990,9000,8980,177647,1596781190
2024-07-18,KAU23,9000,0,0,8990,9000,8980,227589,2045913380
2024-07-19,KAU23,9000,0,0,8990,9000,8990,202652,1822361480
2024-07-22,KAU23,9000,0,0,9000,9000,8970,318245,2858178520
2024-07-23,KAU23,9010,10,0,9000,9010,8980,291992,2627647260
2024-07-24,KAU23,9020,10,0,8990,9020,8990,477745,4298203950
2024-07-25,KAU23,9300,280,3,9020,9300,9000,253684,2292729000
2024-07-26,KAU23,9200,-100,-1,9070,9200,9010,169621,1540810230
2024-07-29,KAU23,9150,-50,-1,9100,9150,9000,151839,1377695830
2024-07-30,KAU23,9150,0,0,9150,9150,9040,129864,1181196480
2024-07-31,KAU23,9140,-10,0,9100,9140,9000,175170,1590904710
2024-08-01,KAU23,9150,10,0,9140,9150,9000,138329,1254203180
2024-08-02,KAU23,9150,0,0,9050,9150,9020,157976,1433858000
2024-08-05,KAU23,9150,0,0,9040,9150,9030,98858,898269530
2024-08-06,KAU23,9150,0,0,9100,9150,9040,288806,2627104440
2024-08-07,KAU23,9150,0,0,9150,9150,9050,208670,1897806240
2024-08-08,KAU23,9090,-60,-1,9000,9090,9000,150429,1362883790
2024-08-09,KAU23,9130,40,0,9050,9130,9000,183916,1666620520
2024-08-12,KAU23,9130,0,0,9010,9130,9010,228312,2069489600
2024-08-13,KAU23,9120,-10,0,9010,9120,9010,182027,1651204280
2024-08-14,KAU23,9100,-20,0,9100,9100,9020,267751,2424399120
2024-08-16,KAU23,9200,100,1,9100,9200,9030,230403,2092209460
2024-08-19,KAU23,9130,-70,-1,9150,9150,9040,160576,1460437030
2024-08-20,KAU23,9100,-30,0,9050,9110,9050,84491,766848200
2024-08-21,KAU23,9200,100,1,9000,9200,9000,264105,2400012150
2024-08-22,KAU23,9290,90,1,9190,9350,9100,104771,967170180
2024-08-23,KAU23,9400,110,1,9290,9400,9160,103390,955074450
2024-08-26,KAU23,10300,900,10,9320,10300,9320,95079,946118910
2024-08-27,KAU23,11300,1000,10,11300,11300,11300,283825,3207222500
2024-08-28,KAU23,10450,-850,-8,12300,12300,10200,239962,2653124850
2024-08-29,KAU23,9970,-480,-5,10900,10900,9840,80292,806187380
2024-08-30,KAU23,9950,-20,0,9500,9950,9500,124095,1197321650
2024-09-02,KAU24,9700,0,0,9600,9700,9600,12600,121220000
2024-09-03,KAU24,9890,190,2,9940,9940,9610,52000,505025000
2024-09-04,KAU24,9800,-90,-1,9750,9800,9000,140360,1322402000
2024-09-05,KAU24,9600,-200,-2,9550,9600,9500,9812,93704700
2024-09-06,KAU24,9600,0,0,9550,9600,9300,16000,152675000
2024-09-09,KAU24,9600,0,0,9310,9600,9310,10669,101868390
2024-09-10,KAU24,9600,0,0,9600,9600,9550,6000,57525000
2024-09-11,KAU24,9580,-20,0,9580,9600,9550,18000,172410000
2024-09-12,KAU24,9700,120,1,9550,9700,9500,215500,2055790000
2024-09-13,KAU24,9990,290,3,9700,9990,9600,121500,1175615000
2024-09-19,KAU24,9990,0,0,9800,9990,9700,104000,1022210000
2024-09-20,KAU24,9990,0,0,9910,10000,9890,78302,776981820
2024-09-23,KAU24,9960,-30,0,9990,10000,9850,104032,1032438190
2024-09-24,KAU24,9800,-160,-2,9950,9950,9800,72501,716213750
2024-09-25,KAU24,9860,60,1,9950,9950,9830,51000,502990000
2024-09-26,KAU24,10000,140,1,9860,10000,9750,140000,1378037270
2024-09-27,KAU24,9990,-10,0,9990,9990,9800,112521,1115738900
2024-09-30,KAU24,9950,-40,0,9950,9950,9600,133000,1302189960
2024-10-02,KAU24,9930,-20,0,9940,9940,9700,61500,605507270
2024-10-04,KAU24,10100,170,2,9930,10100,9880,61339,610081590
2024-10-07,KAU24,10050,-50,-1,9990,10050,9950,37690,376165290
2024-10-08,KAU24,10100,50,1,10050,10100,9940,27042,271289580
2024-10-10,KAU24,10150,50,1,9990,10150,9980,38100,383372900
2024-10-11,KAU24,10200,50,0,10000,10200,9950,41550,417395000
2024-10-14,KAU24,10300,100,1,10150,10300,10150,118200,1201979750
2024-10-15,KAU24,10950,650,6,10300,10950,10300,83021,863680800
2024-10-16,KAU24,10750,-200,-2,10800,10850,10700,153000,1651423950
2024-10-17,KAU24,10900,150,1,10750,10900,10600,148799,1603075300
2024-10-18,KAU24,10900,0,0,10800,10900,10300,151921,1624912850
2024-10-21,KAU24,10950,50,0,10900,10950,10500,249000,2662800000
2024-10-22,KAU24,10950,0,0,10800,10950,10600,345700,3721440000
2024-10-23,KAU24,10950,0,0,10900,10950,10700,277000,2993000000
2024-10-24,KAU24,11250,300,3,10800,11300,10800,429000,4678925000
2024-10-25,KAU24,11350,100,1,11000,11350,11000,121714,1367838250
2024-10-28,KAU24,11550,200,2,11350,11550,11350,147500,1684175000
2024-10-29,KAU24,11950,400,3,11500,12000,11500,296469,3509762450
2024-10-30,KAU24,12500,550,5,12000,13000,12000,170200,2129750000
2024-10-31,KAU24,12550,50,0,12300,12550,12300,181500,2266450000
2024-11-01,KAU24,12100,-450,-4,12400,12400,11900,167073,2012872350
2024-11-04,KAU24,11950,-150,-1,12000,12100,11700,64650,769067500
2024-11-05,KAU24,11900,-50,0,11950,11950,11550,66385,785720750
2024-11-06,KAU24,12000,100,1,11900,12000,11700,180700,2143475000
2024-11-07,KAU24,12000,0,0,11800,12000,11500,197415,2316004500
2024-11-08,KAU24,12050,50,0,12050,12050,11600,226800,2689044350
2024-11-11,KAU24,11950,-100,-1,11900,12050,11600,154853,1828699600
2024-11-12,KAU24,11450,-500,-4,11750,11750,10800,417500,4707150000
2024-11-13,KAU24,11450,0,0,11000,11450,10350,386702,4170816400
2024-11-14,KAU24,11700,250,2,11450,11700,11450,75000,865400000
2024-11-15,KAU24,11750,50,0,11500,11750,11300,113200,1307421400
2024-11-18,KAU24,11650,-100,-1,11600,11650,11000,126949,1448633750
2024-11-19,KAU24,11600,-50,0,11400,11600,11300,55600,640312650
2024-11-20,KAU24,11500,-100,-1,11400,11500,11000,184600,2087650000
2024-11-21,KAU24,11400,-100,-1,11250,11400,10800,131500,1465625000
2024-11-22,KAU24,11300,-100,-1,11000,11300,10700,131600,1458500000
2024-11-25,KAU24,11250,-50,0,11100,11250,10750,191971,2121139600
2024-11-26,KAU24,11000,-250,-2,10900,11000,10150,247700,2607650000
2024-11-27,KAU24,11100,100,1,10900,11100,10500,228401,2483749900
2024-11-28,KAU24,10700,-400,-4,10900,11000,10500,149002,1593671400
2024-11-29,KAU24,11400,700,7,10600,11400,10350,274300,3105020000
2024-12-02,KAU24,11100,-300,-3,11400,11400,11000,30169,334134000
2024-12-03,KAU24,11000,-100,-1,11000,11000,10350,131000,1391425000
2024-12-04,KAU24,11000,0,0,10950,11000,10550,159500,1717375000
2024-12-05,KAU24,10700,-300,-3,10850,10850,10500,104200,1101790000
2024-12-06,KAU24,10600,-100,-1,10500,10600,10200,89000,920750000
2024-12-09,KAU24,10450,-150,-1,10400,10450,10000,171000,1750325000
2024-12-10,KAU24,10400,-50,0,10200,10400,10050,157512,1611544200
2024-12-11,KAU24,10400,0,0,10300,10400,10000,300500,3060549800
2024-12-12,KAU24,10100,-300,-3,10200,10200,9600,185138,1844282600
2024-12-13,KAU24,10000,-100,-1,10100,10100,9750,81001,797467600
2024-12-16,KAU24,9950,-50,-1,9950,9950,9750,120269,1184707750
2024-12-17,KAU24,9850,-100,-1,9900,9900,9500,176670,1718233000
2024-12-18,KAU24,9700,-150,-2,9850,9850,9460,108219,1039570150
2024-12-19,KAU24,9140,-560,-6,9500,9550,9000,449223,4209661600
2024-12-20,KAU24,9970,830,9,9340,9980,9340,7637141,74649157710
2024-12-23,KAU24,9350,-620,-6,9900,10250,9030,6375264,64145739790
2024-12-24,KAU24,8890,-460,-5,9150,9450,8860,3678896,33333330970
2024-12-26,KAU24,8400,-490,-6,8900,9000,8290,2797740,23379995800
2024-12-27,KAU24,9200,800,10,8500,9200,8500,3811907,32887890920
2024-12-30,KAU24,9490,290,3,9200,9490,9100,3391121,31307006180
2025-01-02,KAU24,9280,-210,-2,9300,9500,9280,859512,8011657000
2025-01-03,KAU24,9150,-130,-1,9200,9200,9010,2615183,23855792540
2025-01-06,KAU24,9300,150,2,9150,9400,9100,1323170,12181017090
2025-01-07,KAU24,9320,20,0,9300,9350,9250,6250003,58235567990
2025-01-08,KAU24,9340,20,0,9350,9350,9250,30500,283325000
2025-01-09,KAU24,9390,50,1,9390,9400,9200,40771,380939690
2025-01-10,KAU24,9390,0,0,9380,9400,9370,26000,244030000
2025-01-13,KAU24,9400,10,0,9300,9400,9280,52500,488693010
2025-01-14,KAU24,9390,-10,0,9390,9390,9210,35170,329660880
2025-01-15,KAU24,9440,50,1,9400,9480,9400,19500,183975000
2025-01-16,KAU24,9410,-30,0,9410,9410,9400,37000,347860000
2025-01-17,KAU24,9390,-20,0,9430,9430,9310,33108,310699120
2025-01-20,KAU24,9380,-10,0,9380,9380,9360,36600,343163000
2025-01-21,KAU24,9400,20,0,9380,9400,9350,41606,390269640
2025-01-22,KAU24,9380,-20,0,9390,9390,9360,39737,372498430
2025-01-23,KAU24,9380,0,0,9380,9380,9360,35100,328667000
2025-01-24,KAU24,9500,120,1,9370,9500,9350,67400,632355000
2025-01-31,KAU24,9650,150,2,9550,9650,9550,27607,264492200
2025-02-03,KAU24,9600,-50,-1,9600,9610,9560,19706,189101600
2025-02-04,KAU24,9600,0,0,9600,9600,9580,37101,355863100
2025-02-05,KAU24,9640,40,0,9500,9640,9500,127997,1219692000
2025-02-06,KAU24,9630,-10,0,9640,9640,9600,29501,283728630
2025-02-07,KAU24,9650,20,0,9630,9650,9630,50706,488463780
2025-02-10,KAU24,9670,20,0.21,9650,9670,9650,22901,221254670
2025-02-11,KAU24,9690,20,0.21,9690,9690,9660,28500,275860000
2025-02-12,KAU24,9680,-10,-0.1,9670,9680,9670,28400,274728000
2025-02-13,KAU24,9670,-10,-0.1,9680,9680,9600,24367,235584890
2025-02-14,KAU24,9630,-40,-0.41,9660,9660,9590,63600,611714500
2025-02-17,KAU24,9620,-10,-0.1,9600,9620,9600,56050,538583000
2025-02-18,KAU24,9600,-20,-0.21,9600,9600,9580,62312,597384080
2025-02-19,KAU24,9600,0,0,9590,9600,9570,59900,574578000
2025-02-20,KAU24,9590,-10,-0.1,9630,9630,9570,52393,502080860
2025-02-21,KAU24,9560,-30,-0.31,9570,9570,9530,47600,454662000
2025-02-24,KAU24,9540,-20,-0.21,9640,9640,9530,50051,477618540
2025-02-25,KAU24,9490,-50,-0.52,9530,9540,9470,53625,509536750
2025-02-26,KAU24,9490,0,0,9450,9500,9250,160874,1498203000
2025-02-27,KAU24,9450,-40,-0.42,9340,9450,9200,96700,898861000
2025-02-28,KAU24,9490,40,0.42,9450,9490,9250,87200,814857440
2025-03-04,KAU24,9470,-20,-0.21,9320,9470,9310,39500,369520000
2025-03-05,KAU24,9470,0,0,9400,9470,9100,122800,1140989000
2025-03-06,KAU24,9300,-170,-1.8,9300,9300,9000,141090,1286082720
2025-03-07,KAU24,9230,-70,-0.75,9290,9290,9150,15000,138370000
2025-03-10,KAU24,9180,-50,-0.54,9220,9250,9180,24000,221111240
2025-03-11,KAU24,9160,-20,-0.22,9150,9160,9150,36454,333586600
2025-03-12,KAU24,9150,-10,-0.11,9150,9150,9140,18414,168388460
2025-03-13,KAU24,9040,-110,-1.2,9150,9150,9040,39803,361182300
2025-03-14,KAU24,9000,-40,-0.44,9010,9020,9000,53013,477252000
2025-03-17,KAU24,8980,-20,-0.22,9000,9000,8970,30250,271702500
2025-03-18,KAU24,8910,-70,-0.78,9000,9000,8900,104940,935039000
2025-03-19,KAU24,8850,-60,-0.67,8900,8900,8840,77700,688595160
2025-03-20,KAU24,8780,-70,-0.79,8850,8850,8740,86571,758614960
2025-03-21,KAU24,8680,-100,-1.14,8700,8700,8660,53837,467019100
2025-03-24,KAU24,8630,-50,-0.58,8650,8660,8610,81566,703542240
2025-03-25,KAU24,8800,170,1.97,8620,8800,8620,237203,2061773010
2025-03-26,KAU24,9040,240,2.73,8980,9140,8980,151272,1365544330
2025-03-27,KAU24,8980,-60,-0.66,9080,9080,8960,90400,812988950
2025-03-28,KAU24,8980,0,0,8900,8980,8800,157747,1407682700
2025-03-31,KAU24,9010,30,0.33,8980,9010,8950,237668,2134480420
2025-04-01,KAU24,8980,-30,-0.33,8990,8990,8900,31122,277658060
2025-04-02,KAU24,8880,-100,-1.11,8970,8970,8820,53211,472546020
2025-04-03,KAU24,8740,-140,-1.58,8700,8880,8650,82811,722531160
2025-04-04,KAU24,8800,60,0.69,8780,8800,8590,180611,1561596080
2025-04-07,KAU24,8770,-30,-0.34,8650,8780,8640,48770,422682500
2025-04-08,KAU24,8700,-70,-0.8,8700,8700,8630,77639,673450520
2025-04-09,KAU24,8660,-40,-0.46,8610,8670,8610,131641,1137412870
2025-04-10,KAU24,8660,0,0,8650,8670,8640,52938,458210970
2025-04-11,KAU24,8790,130,1.5,8660,8810,8660,51206,449417310
2025-04-14,KAU24,8770,-20,-0.23,8770,8790,8760,32490,284941300
2025-04-15,KAU24,8740,-30,-0.34,8720,8740,8720,51832,452711360
2025-04-16,KAU24,8720,-20,-0.23,8650,8730,8650,109861,956120200
2025-04-17,KAU24,8710,-10,-0.11,8720,8730,8710,79968,697139200
2025-04-18,KAU24,8710,0,0,8650,8720,8650,44899,390688030
2025-04-21,KAU24,8670,-40,-0.46,8660,8680,8650,72802,630591800
2025-04-22,KAU24,8710,40,0.46,8680,8710,8660,117388,1017966360
2025-04-23,KAU24,8700,-10,-0.11,8710,8710,8670,70946,616803390
2025-04-24,KAU24,8720,20,0.23,8670,8720,8670,196147,1706651800
2025-04-25,KAU24,8730,10,0.11,8700,8730,8700,83663,729238430
2025-04-28,KAU24,8760,30,0.34,8700,8760,8700,112710,982962350
2025-04-29,KAU24,8790,30,0.34,8760,8800,8760,163673,1436518900
2025-04-30,KAU24,8790,0,0,8790,8850,8790,81474,717215130
2025-05-02,KAU24,8800,10,0.11,8790,8800,8770,25109,220692020
2025-05-07,KAU24,8770,-30,-0.34,8720,8780,8700,37804,329808890
2025-05-08,KAU24,8760,-10,-0.11,8730,8770,8730,102044,893311000
2025-05-09,KAU24,8800,40,0.46,8750,8840,8740,88696,779858070
2025-05-12,KAU24,8810,10,0.11,8780,8810,8780,70784,622314550
2025-05-13,KAU24,8900,90,1.02,8800,8910,8800,109102,964664710
2025-05-14,KAU24,8910,10,0.11,8890,8910,8850,127148,1131012570
2025-05-15,KAU24,8910,0,0,8900,8910,8880,114832,1021456480
2025-05-16,KAU24,8910,0,0,8870,8910,8870,53650,477736500
2025-05-19,KAU24,8920,10,0.11,8900,8920,8900,91871,818415970
2025-05-20,KAU24,8940,20,0.22,8920,8940,8920,162134,1447116350
2025-05-21,KAU24,8950,10,0.11,8940,8950,8930,84638,756900210
2025-05-22,KAU24,8950,0,0,8950,8950,8930,118649,1061564330
2025-05-23,KAU24,8950,0,0,8950,8950,8940,53523,478776630
2025-05-26,KAU24,8950,0,0,8940,8950,8940,95798,856764120
2025-05-27,KAU24,8950,0,0,8950,8950,8940,64820,579896300
2025-05-28,KAU24,8960,10,0.11,8950,8960,8940,297396,2660219000
2025-05-29,KAU24,8960,0,0,8960,8960,8950,123435,1105476370
2025-05-30,KAU24,8940,-20,-0.22,8950,8950,8940,606669,5379336860
2025-06-02,KAU24,8900,-40,-0.45,8800,8900,8800,16107,142632650
2025-06-04,KAU24,8860,-40,-0.45,8860,8880,8860,32138,284958930
2025-06-05,KAU24,8830,-30,-0.34,8860,8860,8820,51416,454210020
2025-06-09,KAU24,8830,0,0,8820,8830,8800,121319,1068634110
2025-06-10,KAU24,8790,-40,-0.45,8700,8790,8700,164988,1437974680
2025-06-11,KAU24,8730,-60,-0.68,8700,8770,8700,65237,569815910
2025-06-12,KAU24,8770,40,0.46,8720,8790,8720,143017,1251186800
2025-06-13,KAU24,8830,60,0.68,8770,8830,8770,148508,1306471690
2025-06-16,KAU24,8820,-10,-0.11,8830,8830,8800,87552,771807420
2025-06-17,KAU24,8810,-10,-0.11,8800,8810,8800,92357,813393170
2025-06-18,KAU24,8820,10,0.11,8800,8820,8790,245354,2157771220
2025-06-19,KAU24,8840,20,0.23,8790,8840,8790,217824,1918613660
2025-06-20,KAU24,8830,-10,-0.11,8800,8830,8800,198885,1751525700
2025-06-23,KAU24,8820,-10,-0.11,8810,8820,8800,156940,1382957380
2025-06-24,KAU24,8790,-30,-0.34,8800,8800,8770,311803,2739386610
2025-06-25,KAU24,8710,-80,-0.91,8770,8770,8600,314100,2737658480
2025-06-26,KAU24,8670,-40,-0.46,8720,8720,8600,388237,3372973470
2025-06-27,KAU24,8680,10,0.12,8680,8690,8600,370112,3205175550
2025-06-30,KAU24,8700,20,0.23,8680,8700,8330,251034,2157038490
2025-07-01,KAU24,8600,-100,-1.15,8680,8680,8590,106241,913363880
2025-07-02,KAU24,8520,-80,-0.93,8400,8520,8400,196692,1671423940
2025-07-03,KAU24,8480,-40,-0.47,8500,8510,8480,158084,1342292800
2025-07-04,KAU24,8400,-80,-0.94,8480,8480,8350,169984,1427285540
2025-07-07,KAU24,8170,-230,-2.74,8390,8390,8160,241016,1989820910
2025-07-08,KAU24,8130,-40,-0.49,8000,8150,7980,196602,1578823450
2025-07-09,KAU24,8140,10,0.12,8100,8170,8100,237963,1937974840
2025-07-10,KAU24,8650,510,6.27,8140,8700,8140,300310,2487545860
2025-07-11,KAU24,8600,-50,-0.58,8650,8650,8540,198391,1699119880
2025-07-14,KAU24,8600,0,0,8600,8620,8520,190620,1637914770
2025-07-15,KAU24,8600,0,0,8500,8600,8460,278399,2374919790
2025-07-16,KAU24,8600,0,0,8590,8610,8560,257497,2213101480
2025-07-17,KAU24,8600,0,0,8580,8610,8580,238697,2055453580
2025-07-18,KAU24,8660,60,0.7,8590,8680,8590,176032,1519414560
2025-07-21,KAU24,8800,140,1.62,8650,8800,8650,189564,1652791740
2025-07-22,KAU24,8880,80,0.91,8700,8900,8700,214244,1887883950
2025-07-23,KAU24,8860,-20,-0.23,8880,8880,8850,93451,828402540
2025-07-24,KAU24,8820,-40,-0.45,8840,8850,8810,181915,1606177630
2025-07-25,KAU24,8800,-20,-0.23,8830,8830,8800,194073,1709820580
2025-07-28,KAU24,8750,-50,-0.57,8820,8820,8740,94019,824503190
2025-07-29,KAU24,8630,-120,-1.37,8650,8710,8630,141253,1224579180
2025-07-30,KAU24,8410,-220,-2.55,8500,8500,8400,138590,1167715280
2025-07-31,KAU24,8420,10,0.12,8200,8420,8140,361454,2963854010
2025-08-01,KAU24,8380,-40,-0.48,8400,8400,8150,44952,371912360
2025-08-04,KAU24,8430,50,0.6,8300,8490,8300,141529,1186580760
2025-08-05,KAU24,8540,110,1.3,8430,8570,8430,150375,1279357230
2025-08-06,KAU24,8500,-40,-0.47,8490,8500,8440,176292,1493396550
2025-08-07,KAU24,8410,-90,-1.06,8490,8490,8400,86922,733015850
2025-08-08,KAU24,8300,-110,-1.31,8300,8350,8270,114449,950322230
2025-08-11,KAU24,8310,10,0.12,8300,8340,8300,179964,1495317970
2025-08-12,KAU24,8280,-30,-0.36,8300,8320,8200,199775,1656189130
2025-08-13,KAU24,8240,-40,-0.48,8280,8280,8160,330428,2714519570
2025-08-14,KAU24,8480,240,2.91,8200,8490,8200,389775,3246345230
2025-08-18,KAU24,8450,-30,-0.35,8480,8490,8370,631445,5320388130
2025-08-19,KAU24,8390,-60,-0.71,8440,8440,8330,742782,6232767290
2025-08-20,KAU24,8400,10,0.12,8250,8410,8250,463497,3886814380
2025-08-21,KAU24,8450,50,0.6,8400,8470,8380,432453,3649292100
2025-08-22,KAU24,8550,100,1.18,8410,8550,8410,429966,3653870960
2025-08-25,KAU24,8650,100,1.17,8550,8650,8540,488222,4194609060
2025-08-26,KAU24,8670,20,0.23,8650,8670,8000,679491,5819116980
2025-08-27,KAU24,9520,850,9.8,8660,9520,8660,363204,3229611730
2025-08-28,KAU24,9100,-420,-4.41,9100,9400,9100,286988,2643507390
2025-08-29,KAU24,9490,390,4.29,9000,9490,8460,337084,2909583860
2025-09-01,KAU25,9300,500,5.68,8900,9460,8740,178600,1606225000
2025-09-02,KAU25,9370,70,0.75,9260,9370,9220,54000,499010000
2025-09-03,KAU25,9350,-20,-0.21,9400,9500,9300,50500,471860000
2025-09-04,KAU25,9350,0,0,9330,9350,9330,33500,312620000
2025-09-05,KAU25,9350,0,0,9340,9350,9330,37000,345365000
2025-09-08,KAU25,9480,130,1.39,9400,9480,9400,78000,734800000
2025-09-09,KAU25,9720,240,2.53,9490,9780,9490,128760,1239254600
2025-09-10,KAU25,9800,80,0.82,9690,9800,9660,57000,552390000
2025-09-11,KAU25,10650,850,8.67,9920,10700,9920,221950,2273742500
2025-09-12,KAU25,10500,-150,-1.41,10200,10500,10150,123500,1266900000
2025-09-15,KAU25,10100,-400,-3.81,10400,10400,10000,121000,1226875000
2025-09-16,KAU25,10450,350,3.47,10150,10450,9970,393040,3964908000
2025-09-17,KAU25,10100,-350,-3.35,10250,10250,10000,77500,779175000
2025-09-18,KAU25,10250,150,1.49,10150,10250,10050,81500,826225000
2025-09-19,KAU25,10950,700,6.83,10050,10950,10000,208000,2093125000
2025-09-22,KAU25,10450,-500,-4.57,10900,10900,10200,43000,451500000
2025-09-23,KAU25,10350,-100,-0.96,10250,10350,10100,87946,895661900
2025-09-24,KAU25,10350,0,0,10150,10350,10050,152100,1538195000
2025-09-25,KAU25,10500,150,1.45,10350,10500,10100,114990,1174949000
2025-09-26,KAU25,10600,100,0.95,10250,10600,10250,67560,694590000
2025-09-29,KAU25,10400,-200,-1.89,10250,10400,10250,62580,646737750
2025-09-30,KAU25,10500,100,0.96,10400,10500,10200,354000,3641311500
2025-10-01,KAU25,10350,-150,-1.43,10400,10400,10150,122600,1257350000
2025-10-02,KAU25,10400,50,0.48,10250,10400,10200,182760,1875085000
2025-10-10,KAU25,10350,-50,-0.48,10350,10350,10300,55300,572305000
2025-10-13,KAU25,10300,-50,-0.48,10350,10350,10250,50100,517490000
2025-10-14,KAU25,10250,-50,-0.49,10250,10300,10250,127000,1301900000
2025-10-15,KAU25,10300,50,0.49,10250,10300,10250,102146,1047845300
2025-10-16,KAU25,10350,50,0.49,10300,10800,10300,226218,2376775100
2025-10-17,KAU25,10350,0,0,10350,10400,10300,191000,1979050000
2025-10-20,KAU25,10250,-100,-0.97,10250,10250,10200,110500,1131225000
2025-10-21,KAU25,10300,50,0.49,10200,10300,10150,135662,1381979300
2025-10-22,KAU25,10250,-50,-0.49,10200,10250,10200,175173,1790873250
2025-10-23,KAU25,10250,0,0,10250,10300,10250,76277,781989250
2025-10-24,KAU25,10250,0,0,10300,10300,10250,39004,401541200
2025-10-27,KAU25,10300,50,0.49,10250,10300,10250,96000,984050000
2025-10-28,KAU25,10350,50,0.49,10300,10350,10250,70300,723430000
2025-10-29,KAU25,10350,0,0,10300,10350,10300,53448,550864400
2025-10-30,KAU25,10350,0,0,10300,10350,10300,95771,986966300
2025-10-31,KAU25,10400,50,0.48,10300,10400,10250,159040,1637837000
2025-11-03,KAU25,10400,0,0,10250,10400,10250,52300,539895000
2025-11-04,KAU25,10350,-50,-0.48,10350,10400,10350,69650,721127500
2025-11-05,KAU25,10500,150,1.45,10350,10500,10350,105000,1090725000
2025-11-06,KAU25,10500,0,0,10400,10500,10400,116509,1214458600
2025-11-07,KAU25,10500,0,0,10450,10500,10350,162290,1687966500
2025-11-10,KAU25,10500,0,0,10450,10500,10450,39500,412950000
2025-11-11,KAU25,10450,-50,-0.48,10450,10500,10450,135050,1412175000
2025-11-12,KAU25,10600,150,1.44,10450,10600,10450,143050,1506860000
2025-11-13,KAU25,10550,-50,-0.47,10500,10550,10500,52550,554032500
2025-11-14,KAU25,10550,0,0,10500,10550,10500,47140,495429500
2025-11-17,KAU25,10500,-50,-0.47,10550,10550,10500,67650,712595000
2025-11-18,KAU25,10500,0,0,10500,10500,10450,47050,493875000
2025-11-19,KAU25,10450,-50,-0.48,10500,10500,10450,55214,577462000
2025-11-20,KAU25,10450,0,0,10450,10450,10450,59286,619538700
2025-11-21,KAU25,10450,0,0,10450,10450,10450,12240,127908000
2025-11-24,KAU25,10450,0,0,10400,10450,10400,76000,790450000
2025-11-25,KAU25,10450,0,0,10450,10450,10400,112230,1167903500
2025-11-26,KAU25,10450,0,0,10450,10450,10450,63209,660534050
2025-11-27,KAU25,10500,50,0.48,10450,10500,10450,112031,1171983700
2025-11-28,KAU25,11000,500,4.76,10500,11000,10500,107540,1143074000
2025-12-01,KAU25,10800,-200,-1.82,10750,10800,10600,57500,615375000
2025-12-02,KAU25,10550,-250,-2.31,10650,10650,10500,55000,581500000
2025-12-03,KAU25,10450,-100,-0.95,10500,10500,10450,82150,860675000
2025-12-04,KAU25,10400,-50,-0.48,10400,10400,10350,83650,868810000
2025-12-05,KAU25,10450,50,0.48,10400,10450,10400,80690,839833500
2025-12-08,KAU25,10550,100,0.96,10350,10550,10350,83150,866825000
2025-12-09,KAU25,10550,0,0,10550,10550,10500,5650,59507500
2025-12-10,KAU25,10500,-50,-0.47,10550,10550,10500,99735,1049754250
2025-12-11,KAU25,10500,0,0,10450,10500,10450,76223,799441500
2025-12-12,KAU25,10350,-150,-1.43,10500,10500,10150,293300,3018785000
2025-12-15,KAU25,10250,-100,-0.97,10250,10250,10200,126250,1289105000
2025-12-16,KAU25,10250,0,0,10300,10300,10150,169666,1732236500
2025-12-17,KAU25,10300,50,0.49,10250,10300,10250,66440,681150000
2025-12-18,KAU25,10300,0,0,10250,10300,10250,167345,1716621400
2025-12-19,KAU25,10200,-100,-0.97,10250,10250,10100,127815,1301908750
2025-12-22,KAU25,10150,-50,-0.49,10200,10200,10150,41000,416950000
2025-12-23,KAU25,9980,-170,-1.67,10000,10000,9950,136166,1359368000
2025-12-24,KAU25,10000,20,0.2,10000,10000,9970,153149,1528419020
2025-12-26,KAU25,9990,-10,-0.1,9980,9990,9900,132040,1317226000
2025-12-29,KAU25,9980,-10,-0.1,9980,9980,9960,376000,3754495000
2025-12-30,KAU25,10400,420,4.21,9980,10400,9970,426308,4322606200
2026-01-02,KAU25,10300,-100,-0.96,10300,10300,10250,9000,92450000
2026-01-05,KAU25,10350,50,0.49,10250,10350,10250,22111,227743300
2026-01-06,KAU25,10250,-100,-0.97,10250,10300,10250,21527,221601750
2026-01-07,KAU25,10300,50,0.49,10250,10300,10250,13887,142905900
2026-01-08,KAU25,10350,50,0.49,10300,10350,10250,78474,807050700
2026-01-09,KAU25,10350,0,0,10300,10350,10300,91244,939981500
2026-01-12,KAU25,10500,150,1.45,10350,10500,10350,61411,640421250
2026-01-13,KAU25,10600,100,0.95,10500,10600,10500,191975,2021660750
2026-01-14,KAU25,10650,50,0.47,10600,10650,10600,120255,1274885500
2026-01-15,KAU25,10800,150,1.41,10650,10800,10650,198947,2131617750
2026-01-16,KAU25,10700,-100,-0.93,10800,10800,10700,71567,769057900
2026-01-19,KAU25,10750,50,0.47,10700,10750,10700,84104,903237800
2026-01-20,KAU25,10900,150,1.4,10750,10900,10750,119127,1289752950
2026-01-21,KAU25,11150,250,2.29,10900,11150,10900,273772,3024972900
2026-01-22,KAU25,11300,150,1.35,10650,11300,10650,172232,1933060000
2026-01-23,KAU25,11700,400,3.54,11100,11700,11100,204381,2326693600
2026-01-26,KAU25,12700,1000,8.55,11750,12850,11750,344467,4288751550
2026-01-27,KAU25,12800,100,0.79,12750,13000,12700,145350,1872327500
2026-01-28,KAU25,12850,50,0.39,12800,12850,12800,126356,1618294600
2026-01-29,KAU25,12550,-300,-2.33,12850,12850,12500,219100,2771450000
2026-01-30,KAU25,12400,-150,-1.2,12450,12450,11700,243650,2918769150
2026-02-02,KAU25,12400,0,0,12300,12400,11750,119420,1424421500
2026-02-03,KAU25,12300,-100,-0.81,12400,12400,11950,95300,1156325000
2026-02-04,KAU25,12300,0,0,12250,12300,11950,134170,1622385000
2026-02-05,KAU25,12150,-150,-1.22,12250,12250,12100,75000,911904000
2026-02-06,KAU25,11950,-200,-1.65,12050,12050,11950,42745,512385750
2026-02-09,KAU25,12000,50,0.42,12000,12100,12000,79700,960600000
2026-02-10,KAU25,12100,100,0.83,12050,12100,12050,154417,1862474850
2026-02-11,KAU25,12100,0,0,12050,12100,12050,81217,978989850
2026-02-12,KAU25,12750,650,5.37,12150,12750,12150,251613,3130888200
2026-02-13,KAU25,12750,0,0,12750,12800,12550,233662,2964748600
2026-02-19,KAU25,12850,100,0.78,12750,12900,12700,152470,1952057500
2026-02-20,KAU25,12900,50,0.39,12850,12950,12850,64944,837972600
2026-02-23,KAU25,12900,0,0,12900,13000,12900,51045,659540500
2026-02-24,KAU25,13250,350,2.71,13000,13300,13000,118557,1556696500
2026-02-25,KAU25,13250,0,0,13300,13300,13200,141201,1874163250
2026-02-26,KAU25,13450,200,1.51,13250,13450,13250,133400,1784570000
2026-02-27,KAU25,13750,300,2.23,13500,13850,13500,342734,4710960000
2026-03-03,KAU25,13450,-300,-2.18,13750,13750,13350,246047,3337182150
2026-03-04,KAU25,13500,50,0.37,13450,13550,13350,228030,3068527000
2026-03-05,KAU25,13800,300,2.22,13450,13800,13450,249750,3398271650
2026-03-06,KAU25,13900,100,0.72,13850,13950,13850,136161,1893137900
2026-03-09,KAU25,13950,50,0.36,13950,13950,13900,142798,1991832100
2026-03-10,KAU25,14250,300,2.15,13950,14300,13950,248915,3511585750
2026-03-11,KAU25,14400,150,1.05,14300,14400,14300,113707,1633099600
2026-03-12,KAU25,15150,750,5.21,14700,15200,14700,262323,3947189700
2026-03-13,KAU25,15450,300,1.98,15250,15500,15250,184955,2840071750
2026-03-16,KAU25,16050,600,3.88,15650,16200,15650,256207,4105068000
2026-03-17,KAU25,16400,350,2.18,16050,16500,16050,475237,7780754700
2026-03-18,KAU25,16400,0,0,16450,16700,16300,324202,5370569450
2026-03-19,KAU25,16000,-400,-2.44,16350,16350,14900,470833,7343420200
2026-03-20,KAU25,15650,-350,-2.19,15950,16100,15450,497475,7835098050
2026-03-23,KAU25,15050,-600,-3.83,15600,15900,14150,415507,6281717000
2026-03-24,KAU25,14900,-150,-1,14900,14950,14750,355890,5275271800
2026-03-25,KAU25,15600,700,4.7,14750,16000,14750,317514,4893815200
2026-03-26,KAU25,15700,100,0.64,15550,15750,15550,138434,2168384550
2026-03-27,KAU25,15600,-100,-0.64,15650,15650,15250,420743,6508263750
2026-03-30,KAU25,15550,-50,-0.32,15700,15700,15500,172851,2685548200
2026-03-31,KAU25,15600,50,0.32,15500,15600,15400,199935,3089027000
2026-04-01,KAU25,15900,300,1.92,15500,15900,15500,148564,2331486400
2026-04-02,KAU25,16100,200,1.26,15800,16100,15800,144875,2312989200
2026-04-03,KAU25,16450,350,2.17,16300,16550,16300,196651,3233654050
2026-04-06,KAU25,16300,-150,-0.91,16500,16800,16300,440941,7248996350
2026-04-07,KAU25,16450,150,0.92,16350,16450,16100,328265,5338167550
2026-04-08,KAU25,16800,350,2.13,16500,16950,16500,171267,2863386100
2026-04-09,KAU25,17400,600,3.57,17700,17800,17300,434977,7649892850
2026-04-10,KAU25,17400,0,0,17400,17600,17400,169774,2975206250
2026-04-13,KAU25,16750,-650,-3.74,17400,17450,16750,512092,8763016900
2026-04-14,KAU25,16500,-250,-1.49,16700,16700,15850,628484,10173959350
2026-04-15,KAU25,16650,150,0.91,16450,16700,16150,349110,5739894250
2026-04-16,KAU25,16750,100,0.6,16800,17100,16700,292106,4921220900
2026-04-17,KAU25,16750,0,0,16800,17150,16750,146978,2490990700
2026-04-20,KAU25,16500,-250,-1.49,16750,16750,16450,238654,3957906100
2026-04-21,KAU25,16500,0,0,16500,16600,16400,290599,4793186050
2026-04-22,KAU25,16450,-50,-0.3,16500,16550,16000,790239,12940326750
2026-04-23,KAU25,16600,150,0.91,16500,16700,16450,209179,3457378000
2026-04-24,KAU25,16800,200,1.2,16600,16800,16600,108874,1813307000
2026-04-27,KAU25,16800,0,0,16700,16800,16600,217642,3628145200
2026-04-28,KAU25,16800,0,0,16750,16850,16700,270117,4528459900
2026-04-29,KAU25,17000,200,1.19,16800,17000,16650,357082,5988036150
2026-04-30,KAU25,17050,50,0.29,17000,17200,16950,164134,2796205200
2026-05-04,KAU25,16950,-100,-0.59,16700,16950,16700,162767,2735545650
2026-05-06,KAU25,16900,-50,-0.29,17000,17050,16900,281327,4773621550
2026-05-07,KAU25,16900,0,0,16850,16950,16850,122294,2069283300
2026-05-08,KAU25,17100,200,1.18,16900,17100,16900,167614,2855551500
2026-05-11,KAU25,17200,100,0.58,17050,17200,17050,180676,3093709400
2026-05-12,KAU25,17250,50,0.29,17100,17300,17100,144359,2484026950
2026-05-13,KAU25,17800,550,3.19,17200,17900,17200,480501,8492898050
2026-05-14,KAU25,19200,1400,7.87,17800,19500,17800,643055,12329444200
2026-05-15,KAU25,19750,550,2.86,19150,19800,19150,349457,6853863600
2026-05-18,KAU25,19800,50,0.25,19800,19850,19700,90768,1796753300
2026-05-19,KAU25,19600,-200,-1.01,19800,19800,19400,163207,3204344050
2026-05-20,KAU25,19650,50,0.26,19600,19700,19500,130768,2561920150
2026-05-21,KAU25,19600,-50,-0.25,19650,19700,19600,110306,2171711250
2026-05-22,KAU25,19700,100,0.51,19650,19750,19650,90342,1781614850
2026-05-26,KAU25,19950,250,1.27,19700,20050,19700,264709,5271215600
2026-05-27,KAU25,20700,750,3.76,20000,20700,20000,337323,6851360450
2026-05-28,KAU25,22750,2050,9.9,21000,22750,21000,203472,4577078450
2026-05-29,KAU25,24550,1800,7.91,23000,24950,23000,421616,10240877600
2026-06-01,KAU25,23500,-1050,-4.28,24500,24550,22600,428136,9943057250
2026-06-02,KAU25,24200,700,2.98,23500,24200,23500,590844,14055883400
2026-06-04,KAU25,24950,750,3.1,24200,25100,24200,412509,10193882900
2026-06-05,KAU25,26550,1600,6.41,24950,26700,24950,369483,9682354150
2026-06-08,KAU25,28800,2250,8.47,26900,28800,26900,444304,12589318750
2026-06-09,KAU25,28200,-600,-2.08,28800,29700,26600,506260,14381879900
2026-06-10,KAU25,26450,-1750,-6.21,28200,28200,25900,349717,9300814800
2026-06-11,KAU25,23950,-2500,-9.45,26200,26200,23850,655821,16094365750
2026-06-12,KAU25,23800,-150,-0.63,23950,25200,23000,689140,16612104150
2026-06-15,KAU25,22500,-1300,-5.46,23400,23400,21500,543877,11929696500
2026-06-16,KAU25,20250,-2250,-10,22500,22500,20250,554955,11360929900
2026-06-17,KAU25,19600,-650,-3.21,19700,19700,18250,1130511,21542453200
2026-06-18,KAU25,20000,400,2.04,19800,20050,19100,638907,12680837000
2026-06-19,KAU25,20650,650,3.25,20000,21500,20000,536400,11176344900
2026-06-22,KAU25,21000,350,1.69,20500,21000,20500,276740,5750599500
2026-06-23,KAU25,21300,300,1.43,21000,21400,20700,317278,6721939700
2026-06-24,KAU25,21550,250,1.17,21350,21700,21250,718986,15407881800
2026-06-25,KAU25,22450,900,4.18,21800,23050,21800,563400,12662737100
2026-06-26,KAU25,22650,200,0.89,23000,23000,22050,697252,15583491250
2026-06-29,KAU25,22950,300,1.32,22750,23500,22700,448118,10286708300
2026-06-30,KAU25,22800,-150,-0.65,22750,22950,22500,485564,11075552200
2026-07-01,KAU25,23100,300,1.32,22500,23500,22300,970283,22326343600
2026-07-02,KAU25,23450,350,1.52,23150,23550,23150,199282,4669847900
2026-07-03,KAU25,23700,250,1.07,23650,23850,23550,245044,5813659450
2026-07-06,KAU25,23900,200,0.84,23700,24000,23700,284036,6789855400
2026-07-07,KAU25,23800,-100,-0.42,23800,24000,23500,378271,9004778450
2026-07-08,KAU25,23800,0,0,22800,23800,22800,149763,3558197200
2026-07-09,KAU25,25300,1500,6.3,24300,25600,24300,337337,8528322550
2026-07-10,KAU25,25350,50,0.2,25300,25400,25300,146045,3703912450
2026-07-13,KAU25,25450,100,0.39,25200,25500,25200,167159,4253634850
2026-07-14,KAU25,25500,50,0.2,25450,25550,25450,158459,4040679400
2026-07-15,KAU25,25500,0,0,25500,25550,25450,230520,5882082500
2026-07-16,KAU25,25600,100,0.39,25500,25700,25500,183678,4708166450
2026-07-20,KAU25,25550,-50,-0.2,25600,25600,25400,281183,7176763000
2026-07-21,KAU25,25300,-250,-0.98,25500,25500,25250,286153,7248310950
2026-07-22,KAU25,25300,0,0,25300,25400,25300,257980,6532094200
2026-07-23,KAU25,25550,250,0.99,25350,25550,25350,332016,8434677800
2026-07-24,KAU25,25650,100,0.39,25550,25700,25450,253742,6495714050
2026-07-27,KAU25,25700,50,0.19,25750,25750,25650,278471,7155492600
2026-07-28,KAU25,25850,150,0.58,25800,25850,25700,286959,7404034850
2026-07-29,KAU25,25900,50,0.19,25900,25950,25900,295886,7664420500
2026-07-30,KAU25,26050,150,0.58,26000,26100,26000,347556,9050994900
2026-07-31,KAU25,25950,-100,-0.38,26100,26100,25750,338885,8762471750
2026-08-03,KAU25,25650,-300,-1.16,25700,25700,25600,175569,4504596450
2026-08-04,KAU25,25650,0,0,25650,25700,25650,209671,5380632650
2026-08-05,KAU25,25650,0,0,25650,25650,25550,237994,6093571750
2026-08-06,KAU25,25650,0,0,25150,25700,25150,223613,5732103550
2026-08-07,KAU25,25700,50,0.19,25650,25700,25600,220056,5646763400
2026-08-10,KAU25,25800,100,0.39,25650,25800,25650,230466,5929174400
2026-08-11,KAU25,25800,0,0,25700,25850,25700,398757,10280514250
2026-08-12,KAU25,25850,50,0.19,25800,25850,25750,408525,10534429100
2026-08-13,KAU25,27450,1600,6.19,26200,27550,26200,692904,19013002500
2026-08-14,KAU25,27650,200,0.73,27450,27750,27450,338086,9349251600
2026-08-18,KAU25,28350,700,2.53,27650,28350,27650,430503,12131020800
2026-08-18,KAU26,26000,0,0,0,0,0,0,0
2026-08-18,KAU27,24550,0,0,0,0,0,0,0
2026-08-18,KAU28,24550,0,0,0,0,0,0,0
2026-08-18,KAU29,24550,0,0,0,0,0,0,0
2026-08-18,KAU30,24550,0,0,0,0,0,0,0
2026-08-19,KAU25,29500,1150,4.06,29000,29500,29000,396644,11624058550
2026-08-19,KAU26,26050,50,0.19,0,0,0,0,0
2026-08-19,KAU27,24550,0,0,0,0,0,0,0
2026-08-19,KAU28,24550,0,0,0,0,0,0,0
2026-08-19,KAU29,24550,0,0,0,0,0,0,0
2026-08-19,KAU30,24550,0,0,0,0,0,0,0
2026-08-20,KAU25,30100,600,2.0339,30000,31500,29500,590073,17678192050
2026-08-20,KAU26,28650,2600,9.9808,28600,28650,28600,40000,1145350000
2026-08-20,KAU27,24550,0,0,0,0,0,0,0
2026-08-20,KAU28,24550,0,0,0,0,0,0,0
2026-08-20,KAU29,24550,0,0,0,0,0,0,0
2026-08-20,KAU30,24550,0,0,0,0,0,0,0
2026-08-21,KAU25,28900,-1200,-3.9867,30150,30400,28900,893529,26497405250
2026-08-21,KAU26,29500,850,2.9668,29500,29500,29500,15000,442500000
2026-08-21,KAU27,24550,0,0,0,0,0,0,0
2026-08-21,KAU28,24550,0,0,0,0,0,0,0
2026-08-21,KAU29,24550,0,0,0,0,0,0,0
2026-08-21,KAU30,24550,0,0,0,0,0,0,0
